"PHR_SK","PROD_SK","CAN_DISPENSE_FLG","IN_STOCK_FLG","QTY_ON_HAND","EFF_DT","TERM_DT"
"4001","1001","Y","Y","31","2024-01-01","2029-12-31"
"4001","1002","Y","Y","31","2024-01-01","2029-12-31"
"4001","1003","Y","Y","31","2024-01-01","2029-12-31"
"4001","1008","Y","Y","31","2024-01-01","2029-12-31"
"4001","1011","Y","Y","31","2024-01-01","2029-12-31"
"4001","1018","Y","Y","31","2024-01-01","2029-12-31"
"4001","1021","Y","Y","31","2024-01-01","2029-12-31"
"4001","1033","Y","Y","31","2024-01-01","2029-12-31"
"4002","1001","Y","Y","32","2024-01-01","2029-12-31"
"4002","1002","Y","Y","32","2024-01-01","2029-12-31"
"4002","1003","Y","Y","32","2024-01-01","2029-12-31"
"4002","1008","Y","Y","32","2024-01-01","2029-12-31"
"4002","1011","Y","Y","32","2024-01-01","2029-12-31"
"4002","1018","Y","Y","32","2024-01-01","2029-12-31"
"4002","1021","Y","Y","32","2024-01-01","2029-12-31"
"4002","1033","Y","Y","32","2024-01-01","2029-12-31"
"4003","1001","Y","Y","33","2024-01-01","2029-12-31"
"4003","1002","Y","Y","33","2024-01-01","2029-12-31"
"4003","1003","Y","Y","33","2024-01-01","2029-12-31"
"4003","1008","Y","Y","33","2024-01-01","2029-12-31"
"4003","1011","Y","Y","33","2024-01-01","2029-12-31"
"4003","1018","Y","Y","33","2024-01-01","2029-12-31"
"4003","1021","Y","Y","33","2024-01-01","2029-12-31"
"4003","1033","Y","Y","33","2024-01-01","2029-12-31"
"4004","1001","Y","Y","34","2024-01-01","2029-12-31"
"4004","1002","Y","Y","34","2024-01-01","2029-12-31"
"4004","1003","Y","Y","34","2024-01-01","2029-12-31"
"4004","1008","Y","Y","34","2024-01-01","2029-12-31"
"4004","1011","Y","Y","34","2024-01-01","2029-12-31"
"4004","1018","Y","N","0","2024-01-01","2029-12-31"
"4004","1021","Y","Y","34","2024-01-01","2029-12-31"
"4004","1033","Y","N","0","2024-01-01","2029-12-31"
"4005","1001","Y","Y","35","2024-01-01","2029-12-31"
"4005","1002","Y","Y","35","2024-01-01","2029-12-31"
"4005","1003","Y","Y","35","2024-01-01","2029-12-31"
"4005","1008","Y","Y","35","2024-01-01","2029-12-31"
"4005","1011","Y","Y","35","2024-01-01","2029-12-31"
"4005","1018","Y","Y","35","2024-01-01","2029-12-31"
"4005","1021","Y","Y","35","2024-01-01","2029-12-31"
"4005","1033","Y","Y","35","2024-01-01","2029-12-31"
"4006","1001","Y","Y","36","2024-01-01","2029-12-31"
"4006","1002","Y","Y","36","2024-01-01","2029-12-31"
"4006","1003","Y","Y","36","2024-01-01","2029-12-31"
"4006","1008","Y","Y","36","2024-01-01","2029-12-31"
"4006","1011","Y","Y","36","2024-01-01","2029-12-31"
"4006","1018","Y","Y","36","2024-01-01","2029-12-31"
"4006","1021","Y","Y","36","2024-01-01","2029-12-31"
"4006","1033","Y","Y","36","2024-01-01","2029-12-31"
"4007","1001","Y","Y","37","2024-01-01","2029-12-31"
"4007","1002","Y","Y","37","2024-01-01","2029-12-31"
"4007","1003","Y","Y","37","2024-01-01","2029-12-31"
"4007","1008","Y","Y","37","2024-01-01","2029-12-31"
"4007","1011","Y","Y","37","2024-01-01","2029-12-31"
"4007","1018","Y","Y","37","2024-01-01","2029-12-31"
"4007","1021","Y","Y","37","2024-01-01","2029-12-31"
"4007","1033","Y","Y","37","2024-01-01","2029-12-31"
"4008","1001","Y","Y","38","2024-01-01","2029-12-31"
"4008","1002","Y","Y","38","2024-01-01","2029-12-31"
"4008","1003","Y","Y","38","2024-01-01","2029-12-31"
"4008","1008","Y","Y","38","2024-01-01","2029-12-31"
"4008","1011","Y","Y","38","2024-01-01","2029-12-31"
"4008","1018","Y","Y","38","2024-01-01","2029-12-31"
"4008","1021","Y","Y","38","2024-01-01","2029-12-31"
"4008","1033","Y","Y","38","2024-01-01","2029-12-31"
"4009","1001","Y","Y","39","2024-01-01","2029-12-31"
"4009","1002","Y","Y","39","2024-01-01","2029-12-31"
"4009","1003","Y","Y","39","2024-01-01","2029-12-31"
"4009","1008","Y","Y","39","2024-01-01","2029-12-31"
"4009","1011","Y","Y","39","2024-01-01","2029-12-31"
"4009","1018","Y","Y","39","2024-01-01","2029-12-31"
"4009","1021","Y","Y","39","2024-01-01","2029-12-31"
"4009","1033","Y","Y","39","2024-01-01","2029-12-31"
"4010","1001","Y","Y","40","2024-01-01","2029-12-31"
"4010","1002","Y","Y","40","2024-01-01","2029-12-31"
"4010","1003","Y","Y","40","2024-01-01","2029-12-31"
"4010","1008","Y","Y","40","2024-01-01","2029-12-31"
"4010","1011","Y","Y","40","2024-01-01","2029-12-31"
"4010","1018","Y","Y","40","2024-01-01","2029-12-31"
"4010","1021","Y","Y","40","2024-01-01","2029-12-31"
"4010","1033","Y","Y","40","2024-01-01","2029-12-31"
"4011","1001","Y","Y","41","2024-01-01","2029-12-31"
"4011","1002","Y","Y","41","2024-01-01","2029-12-31"
"4011","1003","Y","Y","41","2024-01-01","2029-12-31"
"4011","1008","Y","Y","41","2024-01-01","2029-12-31"
"4011","1011","Y","Y","41","2024-01-01","2029-12-31"
"4011","1018","Y","Y","41","2024-01-01","2029-12-31"
"4011","1021","Y","Y","41","2024-01-01","2029-12-31"
"4011","1033","Y","Y","41","2024-01-01","2029-12-31"
"4012","1001","Y","Y","42","2024-01-01","2029-12-31"
"4012","1002","Y","Y","42","2024-01-01","2029-12-31"
"4012","1003","Y","Y","42","2024-01-01","2029-12-31"
"4012","1008","N","N","0","2024-01-01","2029-12-31"
"4012","1011","Y","Y","42","2024-01-01","2029-12-31"
"4012","1018","Y","Y","42","2024-01-01","2029-12-31"
"4012","1021","N","N","0","2024-01-01","2029-12-31"
"4012","1033","Y","Y","42","2024-01-01","2029-12-31"
"4013","1001","Y","Y","43","2024-01-01","2029-12-31"
"4013","1002","Y","Y","43","2024-01-01","2029-12-31"
"4013","1003","Y","Y","43","2024-01-01","2029-12-31"
"4013","1008","Y","Y","43","2024-01-01","2029-12-31"
"4013","1011","Y","Y","43","2024-01-01","2029-12-31"
"4013","1018","Y","Y","43","2024-01-01","2029-12-31"
"4013","1021","Y","Y","43","2024-01-01","2029-12-31"
"4013","1033","Y","Y","43","2024-01-01","2029-12-31"
"4014","1001","Y","Y","44","2024-01-01","2029-12-31"
"4014","1002","Y","Y","44","2024-01-01","2029-12-31"
"4014","1003","Y","Y","44","2024-01-01","2029-12-31"
"4014","1008","Y","Y","44","2024-01-01","2029-12-31"
"4014","1011","Y","Y","44","2024-01-01","2029-12-31"
"4014","1018","Y","Y","44","2024-01-01","2029-12-31"
"4014","1021","Y","Y","44","2024-01-01","2029-12-31"
"4014","1033","Y","Y","44","2024-01-01","2029-12-31"
"4015","1001","Y","Y","45","2024-01-01","2029-12-31"
"4015","1002","Y","Y","45","2024-01-01","2029-12-31"
"4015","1003","Y","Y","45","2024-01-01","2029-12-31"
"4015","1008","Y","Y","45","2024-01-01","2029-12-31"
"4015","1011","Y","Y","45","2024-01-01","2029-12-31"
"4015","1018","Y","Y","45","2024-01-01","2029-12-31"
"4015","1021","Y","Y","45","2024-01-01","2029-12-31"
"4015","1033","Y","Y","45","2024-01-01","2029-12-31"
"4016","1001","Y","Y","46","2024-01-01","2029-12-31"
"4016","1002","Y","Y","46","2024-01-01","2029-12-31"
"4016","1003","Y","Y","46","2024-01-01","2029-12-31"
"4016","1008","Y","Y","46","2024-01-01","2029-12-31"
"4016","1011","Y","Y","46","2024-01-01","2029-12-31"
"4016","1018","Y","Y","46","2024-01-01","2029-12-31"
"4016","1021","Y","Y","46","2024-01-01","2029-12-31"
"4016","1033","Y","Y","46","2024-01-01","2029-12-31"
"4017","1001","Y","Y","47","2024-01-01","2029-12-31"
"4017","1002","Y","Y","47","2024-01-01","2029-12-31"
"4017","1003","Y","Y","47","2024-01-01","2029-12-31"
"4017","1008","Y","Y","47","2024-01-01","2029-12-31"
"4017","1011","Y","Y","47","2024-01-01","2029-12-31"
"4017","1018","Y","N","0","2024-01-01","2029-12-31"
"4017","1021","Y","Y","47","2024-01-01","2029-12-31"
"4017","1033","Y","N","0","2024-01-01","2029-12-31"
"4018","1001","Y","Y","48","2024-01-01","2029-12-31"
"4018","1002","Y","Y","48","2024-01-01","2029-12-31"
"4018","1003","Y","Y","48","2024-01-01","2029-12-31"
"4018","1008","Y","Y","48","2024-01-01","2029-12-31"
"4018","1011","Y","Y","48","2024-01-01","2029-12-31"
"4018","1018","Y","Y","48","2024-01-01","2029-12-31"
"4018","1021","Y","Y","48","2024-01-01","2029-12-31"
"4018","1033","Y","Y","48","2024-01-01","2029-12-31"
"4019","1001","Y","Y","49","2024-01-01","2029-12-31"
"4019","1002","Y","Y","49","2024-01-01","2029-12-31"
"4019","1003","Y","Y","49","2024-01-01","2029-12-31"
"4019","1008","Y","Y","49","2024-01-01","2029-12-31"
"4019","1011","Y","Y","49","2024-01-01","2029-12-31"
"4019","1018","Y","Y","49","2024-01-01","2029-12-31"
"4019","1021","Y","Y","49","2024-01-01","2029-12-31"
"4019","1033","Y","Y","49","2024-01-01","2029-12-31"
"4020","1001","Y","Y","50","2024-01-01","2029-12-31"
"4020","1002","Y","Y","50","2024-01-01","2029-12-31"
"4020","1003","Y","Y","50","2024-01-01","2029-12-31"
"4020","1008","Y","Y","50","2024-01-01","2029-12-31"
"4020","1011","Y","Y","50","2024-01-01","2029-12-31"
"4020","1018","Y","Y","50","2024-01-01","2029-12-31"
"4020","1021","Y","Y","50","2024-01-01","2029-12-31"
"4020","1033","Y","Y","50","2024-01-01","2029-12-31"
"4021","1001","Y","Y","51","2024-01-01","2029-12-31"
"4021","1002","Y","Y","51","2024-01-01","2029-12-31"
"4021","1003","Y","Y","51","2024-01-01","2029-12-31"
"4021","1008","Y","Y","51","2024-01-01","2029-12-31"
"4021","1011","Y","Y","51","2024-01-01","2029-12-31"
"4021","1018","Y","Y","51","2024-01-01","2029-12-31"
"4021","1021","Y","Y","51","2024-01-01","2029-12-31"
"4021","1033","Y","Y","51","2024-01-01","2029-12-31"
"4022","1001","Y","Y","52","2024-01-01","2029-12-31"
"4022","1002","Y","Y","52","2024-01-01","2029-12-31"
"4022","1003","Y","Y","52","2024-01-01","2029-12-31"
"4022","1008","Y","Y","52","2024-01-01","2029-12-31"
"4022","1011","Y","Y","52","2024-01-01","2029-12-31"
"4022","1018","Y","Y","52","2024-01-01","2029-12-31"
"4022","1021","Y","Y","52","2024-01-01","2029-12-31"
"4022","1033","Y","Y","52","2024-01-01","2029-12-31"
"4023","1001","Y","Y","53","2024-01-01","2029-12-31"
"4023","1002","Y","Y","53","2024-01-01","2029-12-31"
"4023","1003","Y","Y","53","2024-01-01","2029-12-31"
"4023","1008","Y","Y","53","2024-01-01","2029-12-31"
"4023","1011","Y","Y","53","2024-01-01","2029-12-31"
"4023","1018","Y","Y","53","2024-01-01","2029-12-31"
"4023","1021","Y","Y","53","2024-01-01","2029-12-31"
"4023","1033","Y","Y","53","2024-01-01","2029-12-31"
"4024","1001","Y","Y","54","2024-01-01","2029-12-31"
"4024","1002","Y","Y","54","2024-01-01","2029-12-31"
"4024","1003","Y","Y","54","2024-01-01","2029-12-31"
"4024","1008","Y","Y","54","2024-01-01","2029-12-31"
"4024","1011","Y","Y","54","2024-01-01","2029-12-31"
"4024","1018","Y","Y","54","2024-01-01","2029-12-31"
"4024","1021","Y","Y","54","2024-01-01","2029-12-31"
"4024","1033","Y","Y","54","2024-01-01","2029-12-31"
"4025","1001","Y","Y","55","2024-01-01","2029-12-31"
"4025","1002","Y","Y","55","2024-01-01","2029-12-31"
"4025","1003","Y","Y","55","2024-01-01","2029-12-31"
"4025","1008","Y","Y","55","2024-01-01","2029-12-31"
"4025","1011","Y","Y","55","2024-01-01","2029-12-31"
"4025","1018","Y","Y","55","2024-01-01","2029-12-31"
"4025","1021","Y","Y","55","2024-01-01","2029-12-31"
"4025","1033","Y","Y","55","2024-01-01","2029-12-31"
"4026","1001","Y","Y","56","2024-01-01","2029-12-31"
"4026","1002","Y","Y","56","2024-01-01","2029-12-31"
"4026","1003","Y","Y","56","2024-01-01","2029-12-31"
"4026","1008","Y","Y","56","2024-01-01","2029-12-31"
"4026","1011","Y","Y","56","2024-01-01","2029-12-31"
"4026","1018","Y","Y","56","2024-01-01","2029-12-31"
"4026","1021","Y","Y","56","2024-01-01","2029-12-31"
"4026","1033","Y","Y","56","2024-01-01","2029-12-31"
"4027","1001","Y","Y","57","2024-01-01","2029-12-31"
"4027","1002","Y","Y","57","2024-01-01","2029-12-31"
"4027","1003","Y","Y","57","2024-01-01","2029-12-31"
"4027","1008","Y","Y","57","2024-01-01","2029-12-31"
"4027","1011","Y","Y","57","2024-01-01","2029-12-31"
"4027","1018","Y","Y","57","2024-01-01","2029-12-31"
"4027","1021","Y","Y","57","2024-01-01","2029-12-31"
"4027","1033","Y","Y","57","2024-01-01","2029-12-31"
"4028","1001","Y","Y","58","2024-01-01","2029-12-31"
"4028","1002","Y","Y","58","2024-01-01","2029-12-31"
"4028","1003","Y","Y","58","2024-01-01","2029-12-31"
"4028","1008","Y","Y","58","2024-01-01","2029-12-31"
"4028","1011","Y","Y","58","2024-01-01","2029-12-31"
"4028","1018","Y","Y","58","2024-01-01","2029-12-31"
"4028","1021","Y","Y","58","2024-01-01","2029-12-31"
"4028","1033","Y","Y","58","2024-01-01","2029-12-31"
"4029","1001","Y","Y","59","2024-01-01","2029-12-31"
"4029","1002","Y","Y","59","2024-01-01","2029-12-31"
"4029","1003","Y","Y","59","2024-01-01","2029-12-31"
"4029","1008","N","N","0","2024-01-01","2029-12-31"
"4029","1011","Y","Y","59","2024-01-01","2029-12-31"
"4029","1018","Y","Y","59","2024-01-01","2029-12-31"
"4029","1021","N","N","0","2024-01-01","2029-12-31"
"4029","1033","Y","Y","59","2024-01-01","2029-12-31"
"4030","1001","Y","Y","60","2024-01-01","2029-12-31"
"4030","1002","Y","Y","60","2024-01-01","2029-12-31"
"4030","1003","Y","Y","60","2024-01-01","2029-12-31"
"4030","1008","Y","Y","60","2024-01-01","2029-12-31"
"4030","1011","Y","Y","60","2024-01-01","2029-12-31"
"4030","1018","Y","N","0","2024-01-01","2029-12-31"
"4030","1021","Y","Y","60","2024-01-01","2029-12-31"
"4030","1033","Y","N","0","2024-01-01","2029-12-31"
"4031","1001","Y","Y","61","2024-01-01","2029-12-31"
"4031","1002","Y","Y","61","2024-01-01","2029-12-31"
"4031","1003","Y","Y","61","2024-01-01","2029-12-31"
"4031","1008","Y","Y","61","2024-01-01","2029-12-31"
"4031","1011","Y","Y","61","2024-01-01","2029-12-31"
"4031","1018","Y","Y","61","2024-01-01","2029-12-31"
"4031","1021","Y","Y","61","2024-01-01","2029-12-31"
"4031","1033","Y","Y","61","2024-01-01","2029-12-31"
"4032","1001","Y","Y","62","2024-01-01","2029-12-31"
"4032","1002","Y","Y","62","2024-01-01","2029-12-31"
"4032","1003","Y","Y","62","2024-01-01","2029-12-31"
"4032","1008","Y","Y","62","2024-01-01","2029-12-31"
"4032","1011","Y","Y","62","2024-01-01","2029-12-31"
"4032","1018","Y","Y","62","2024-01-01","2029-12-31"
"4032","1021","Y","Y","62","2024-01-01","2029-12-31"
"4032","1033","Y","Y","62","2024-01-01","2029-12-31"
"4033","1001","Y","Y","63","2024-01-01","2029-12-31"
"4033","1002","Y","Y","63","2024-01-01","2029-12-31"
"4033","1003","Y","Y","63","2024-01-01","2029-12-31"
"4033","1008","Y","Y","63","2024-01-01","2029-12-31"
"4033","1011","Y","Y","63","2024-01-01","2029-12-31"
"4033","1018","Y","Y","63","2024-01-01","2029-12-31"
"4033","1021","Y","Y","63","2024-01-01","2029-12-31"
"4033","1033","Y","Y","63","2024-01-01","2029-12-31"
"4034","1001","Y","Y","64","2024-01-01","2029-12-31"
"4034","1002","Y","Y","64","2024-01-01","2029-12-31"
"4034","1003","Y","Y","64","2024-01-01","2029-12-31"
"4034","1008","Y","Y","64","2024-01-01","2029-12-31"
"4034","1011","Y","Y","64","2024-01-01","2029-12-31"
"4034","1018","Y","Y","64","2024-01-01","2029-12-31"
"4034","1021","Y","Y","64","2024-01-01","2029-12-31"
"4034","1033","Y","Y","64","2024-01-01","2029-12-31"
"4035","1001","Y","Y","65","2024-01-01","2029-12-31"
"4035","1002","Y","Y","65","2024-01-01","2029-12-31"
"4035","1003","Y","Y","65","2024-01-01","2029-12-31"
"4035","1008","Y","Y","65","2024-01-01","2029-12-31"
"4035","1011","Y","Y","65","2024-01-01","2029-12-31"
"4035","1018","Y","Y","65","2024-01-01","2029-12-31"
"4035","1021","Y","Y","65","2024-01-01","2029-12-31"
"4035","1033","Y","Y","65","2024-01-01","2029-12-31"
"4036","1001","Y","Y","66","2024-01-01","2029-12-31"
"4036","1002","Y","Y","66","2024-01-01","2029-12-31"
"4036","1003","Y","Y","66","2024-01-01","2029-12-31"
"4036","1008","Y","Y","66","2024-01-01","2029-12-31"
"4036","1011","Y","Y","66","2024-01-01","2029-12-31"
"4036","1018","Y","Y","66","2024-01-01","2029-12-31"
"4036","1021","Y","Y","66","2024-01-01","2029-12-31"
"4036","1033","Y","Y","66","2024-01-01","2029-12-31"
"4037","1001","Y","Y","67","2024-01-01","2029-12-31"
"4037","1002","Y","Y","67","2024-01-01","2029-12-31"
"4037","1003","Y","Y","67","2024-01-01","2029-12-31"
"4037","1008","Y","Y","67","2024-01-01","2029-12-31"
"4037","1011","Y","Y","67","2024-01-01","2029-12-31"
"4037","1018","Y","Y","67","2024-01-01","2029-12-31"
"4037","1021","Y","Y","67","2024-01-01","2029-12-31"
"4037","1033","Y","Y","67","2024-01-01","2029-12-31"
"4038","1001","Y","Y","68","2024-01-01","2029-12-31"
"4038","1002","Y","Y","68","2024-01-01","2029-12-31"
"4038","1003","Y","Y","68","2024-01-01","2029-12-31"
"4038","1008","Y","Y","68","2024-01-01","2029-12-31"
"4038","1011","Y","Y","68","2024-01-01","2029-12-31"
"4038","1018","Y","Y","68","2024-01-01","2029-12-31"
"4038","1021","Y","Y","68","2024-01-01","2029-12-31"
"4038","1033","Y","Y","68","2024-01-01","2029-12-31"
"4039","1001","Y","Y","69","2024-01-01","2029-12-31"
"4039","1002","Y","Y","69","2024-01-01","2029-12-31"
"4039","1003","Y","Y","69","2024-01-01","2029-12-31"
"4039","1008","Y","Y","69","2024-01-01","2029-12-31"
"4039","1011","Y","Y","69","2024-01-01","2029-12-31"
"4039","1018","Y","Y","69","2024-01-01","2029-12-31"
"4039","1021","Y","Y","69","2024-01-01","2029-12-31"
"4039","1033","Y","Y","69","2024-01-01","2029-12-31"
"4040","1001","Y","Y","70","2024-01-01","2029-12-31"
"4040","1002","Y","Y","70","2024-01-01","2029-12-31"
"4040","1003","Y","Y","70","2024-01-01","2029-12-31"
"4040","1008","Y","Y","70","2024-01-01","2029-12-31"
"4040","1011","Y","Y","70","2024-01-01","2029-12-31"
"4040","1018","Y","Y","70","2024-01-01","2029-12-31"
"4040","1021","Y","Y","70","2024-01-01","2029-12-31"
"4040","1033","Y","Y","70","2024-01-01","2029-12-31"
"4041","1001","Y","Y","71","2024-01-01","2029-12-31"
"4041","1002","Y","Y","71","2024-01-01","2029-12-31"
"4041","1003","Y","Y","71","2024-01-01","2029-12-31"
"4041","1008","Y","Y","71","2024-01-01","2029-12-31"
"4041","1011","Y","Y","71","2024-01-01","2029-12-31"
"4041","1018","Y","Y","71","2024-01-01","2029-12-31"
"4041","1021","Y","Y","71","2024-01-01","2029-12-31"
"4041","1033","Y","Y","71","2024-01-01","2029-12-31"
"4042","1001","Y","Y","72","2024-01-01","2029-12-31"
"4042","1002","Y","Y","72","2024-01-01","2029-12-31"
"4042","1003","Y","Y","72","2024-01-01","2029-12-31"
"4042","1008","Y","Y","72","2024-01-01","2029-12-31"
"4042","1011","Y","Y","72","2024-01-01","2029-12-31"
"4042","1018","Y","Y","72","2024-01-01","2029-12-31"
"4042","1021","Y","Y","72","2024-01-01","2029-12-31"
"4042","1033","Y","Y","72","2024-01-01","2029-12-31"
"4043","1001","Y","Y","73","2024-01-01","2029-12-31"
"4043","1002","Y","Y","73","2024-01-01","2029-12-31"
"4043","1003","Y","Y","73","2024-01-01","2029-12-31"
"4043","1008","Y","Y","73","2024-01-01","2029-12-31"
"4043","1011","Y","Y","73","2024-01-01","2029-12-31"
"4043","1018","Y","N","0","2024-01-01","2029-12-31"
"4043","1021","Y","Y","73","2024-01-01","2029-12-31"
"4043","1033","Y","N","0","2024-01-01","2029-12-31"
"4044","1001","Y","Y","74","2024-01-01","2029-12-31"
"4044","1002","Y","Y","74","2024-01-01","2029-12-31"
"4044","1003","Y","Y","74","2024-01-01","2029-12-31"
"4044","1008","Y","Y","74","2024-01-01","2029-12-31"
"4044","1011","Y","Y","74","2024-01-01","2029-12-31"
"4044","1018","Y","Y","74","2024-01-01","2029-12-31"
"4044","1021","Y","Y","74","2024-01-01","2029-12-31"
"4044","1033","Y","Y","74","2024-01-01","2029-12-31"
"4045","1001","Y","Y","75","2024-01-01","2029-12-31"
"4045","1002","Y","Y","75","2024-01-01","2029-12-31"
"4045","1003","Y","Y","75","2024-01-01","2029-12-31"
"4045","1008","Y","Y","75","2024-01-01","2029-12-31"
"4045","1011","Y","Y","75","2024-01-01","2029-12-31"
"4045","1018","Y","Y","75","2024-01-01","2029-12-31"
"4045","1021","Y","Y","75","2024-01-01","2029-12-31"
"4045","1033","Y","Y","75","2024-01-01","2029-12-31"
"4046","1001","Y","Y","76","2024-01-01","2029-12-31"
"4046","1002","Y","Y","76","2024-01-01","2029-12-31"
"4046","1003","Y","Y","76","2024-01-01","2029-12-31"
"4046","1008","N","N","0","2024-01-01","2029-12-31"
"4046","1011","Y","Y","76","2024-01-01","2029-12-31"
"4046","1018","Y","Y","76","2024-01-01","2029-12-31"
"4046","1021","N","N","0","2024-01-01","2029-12-31"
"4046","1033","Y","Y","76","2024-01-01","2029-12-31"
"4047","1001","Y","Y","77","2024-01-01","2029-12-31"
"4047","1002","Y","Y","77","2024-01-01","2029-12-31"
"4047","1003","Y","Y","77","2024-01-01","2029-12-31"
"4047","1008","Y","Y","77","2024-01-01","2029-12-31"
"4047","1011","Y","Y","77","2024-01-01","2029-12-31"
"4047","1018","Y","Y","77","2024-01-01","2029-12-31"
"4047","1021","Y","Y","77","2024-01-01","2029-12-31"
"4047","1033","Y","Y","77","2024-01-01","2029-12-31"
"4048","1001","Y","Y","78","2024-01-01","2029-12-31"
"4048","1002","Y","Y","78","2024-01-01","2029-12-31"
"4048","1003","Y","Y","78","2024-01-01","2029-12-31"
"4048","1008","Y","Y","78","2024-01-01","2029-12-31"
"4048","1011","Y","Y","78","2024-01-01","2029-12-31"
"4048","1018","Y","Y","78","2024-01-01","2029-12-31"
"4048","1021","Y","Y","78","2024-01-01","2029-12-31"
"4048","1033","Y","Y","78","2024-01-01","2029-12-31"
"4049","1001","Y","Y","79","2024-01-01","2029-12-31"
"4049","1002","Y","Y","79","2024-01-01","2029-12-31"
"4049","1003","Y","Y","79","2024-01-01","2029-12-31"
"4049","1008","Y","Y","79","2024-01-01","2029-12-31"
"4049","1011","Y","Y","79","2024-01-01","2029-12-31"
"4049","1018","Y","Y","79","2024-01-01","2029-12-31"
"4049","1021","Y","Y","79","2024-01-01","2029-12-31"
"4049","1033","Y","Y","79","2024-01-01","2029-12-31"
"4050","1001","Y","Y","80","2024-01-01","2029-12-31"
"4050","1002","Y","Y","80","2024-01-01","2029-12-31"
"4050","1003","Y","Y","80","2024-01-01","2029-12-31"
"4050","1008","Y","Y","80","2024-01-01","2029-12-31"
"4050","1011","Y","Y","80","2024-01-01","2029-12-31"
"4050","1018","Y","Y","80","2024-01-01","2029-12-31"
"4050","1021","Y","Y","80","2024-01-01","2029-12-31"
"4050","1033","Y","Y","80","2024-01-01","2029-12-31"
"4051","1001","Y","Y","81","2024-01-01","2029-12-31"
"4051","1002","Y","Y","81","2024-01-01","2029-12-31"
"4051","1003","Y","Y","81","2024-01-01","2029-12-31"
"4051","1008","Y","Y","81","2024-01-01","2029-12-31"
"4051","1011","Y","Y","81","2024-01-01","2029-12-31"
"4051","1018","Y","Y","81","2024-01-01","2029-12-31"
"4051","1021","Y","Y","81","2024-01-01","2029-12-31"
"4051","1033","Y","Y","81","2024-01-01","2029-12-31"
"4052","1001","Y","Y","82","2024-01-01","2029-12-31"
"4052","1002","Y","Y","82","2024-01-01","2029-12-31"
"4052","1003","Y","Y","82","2024-01-01","2029-12-31"
"4052","1008","Y","Y","82","2024-01-01","2029-12-31"
"4052","1011","Y","Y","82","2024-01-01","2029-12-31"
"4052","1018","Y","Y","82","2024-01-01","2029-12-31"
"4052","1021","Y","Y","82","2024-01-01","2029-12-31"
"4052","1033","Y","Y","82","2024-01-01","2029-12-31"
"4053","1001","Y","Y","83","2024-01-01","2029-12-31"
"4053","1002","Y","Y","83","2024-01-01","2029-12-31"
"4053","1003","Y","Y","83","2024-01-01","2029-12-31"
"4053","1008","Y","Y","83","2024-01-01","2029-12-31"
"4053","1011","Y","Y","83","2024-01-01","2029-12-31"
"4053","1018","Y","Y","83","2024-01-01","2029-12-31"
"4053","1021","Y","Y","83","2024-01-01","2029-12-31"
"4053","1033","Y","Y","83","2024-01-01","2029-12-31"
"4054","1001","Y","Y","84","2024-01-01","2029-12-31"
"4054","1002","Y","Y","84","2024-01-01","2029-12-31"
"4054","1003","Y","Y","84","2024-01-01","2029-12-31"
"4054","1008","Y","Y","84","2024-01-01","2029-12-31"
"4054","1011","Y","Y","84","2024-01-01","2029-12-31"
"4054","1018","Y","Y","84","2024-01-01","2029-12-31"
"4054","1021","Y","Y","84","2024-01-01","2029-12-31"
"4054","1033","Y","Y","84","2024-01-01","2029-12-31"
"4055","1001","Y","Y","85","2024-01-01","2029-12-31"
"4055","1002","Y","Y","85","2024-01-01","2029-12-31"
"4055","1003","Y","Y","85","2024-01-01","2029-12-31"
"4055","1008","Y","Y","85","2024-01-01","2029-12-31"
"4055","1011","Y","Y","85","2024-01-01","2029-12-31"
"4055","1018","Y","Y","85","2024-01-01","2029-12-31"
"4055","1021","Y","Y","85","2024-01-01","2029-12-31"
"4055","1033","Y","Y","85","2024-01-01","2029-12-31"
"4056","1001","Y","Y","86","2024-01-01","2029-12-31"
"4056","1002","Y","Y","86","2024-01-01","2029-12-31"
"4056","1003","Y","Y","86","2024-01-01","2029-12-31"
"4056","1008","Y","Y","86","2024-01-01","2029-12-31"
"4056","1011","Y","Y","86","2024-01-01","2029-12-31"
"4056","1018","Y","N","0","2024-01-01","2029-12-31"
"4056","1021","Y","Y","86","2024-01-01","2029-12-31"
"4056","1033","Y","N","0","2024-01-01","2029-12-31"
"4057","1001","Y","Y","87","2024-01-01","2029-12-31"
"4057","1002","Y","Y","87","2024-01-01","2029-12-31"
"4057","1003","Y","Y","87","2024-01-01","2029-12-31"
"4057","1008","Y","Y","87","2024-01-01","2029-12-31"
"4057","1011","Y","Y","87","2024-01-01","2029-12-31"
"4057","1018","Y","Y","87","2024-01-01","2029-12-31"
"4057","1021","Y","Y","87","2024-01-01","2029-12-31"
"4057","1033","Y","Y","87","2024-01-01","2029-12-31"
"4058","1001","Y","Y","88","2024-01-01","2029-12-31"
"4058","1002","Y","Y","88","2024-01-01","2029-12-31"
"4058","1003","Y","Y","88","2024-01-01","2029-12-31"
"4058","1008","Y","Y","88","2024-01-01","2029-12-31"
"4058","1011","Y","Y","88","2024-01-01","2029-12-31"
"4058","1018","Y","Y","88","2024-01-01","2029-12-31"
"4058","1021","Y","Y","88","2024-01-01","2029-12-31"
"4058","1033","Y","Y","88","2024-01-01","2029-12-31"
"4059","1001","Y","Y","89","2024-01-01","2029-12-31"
"4059","1002","Y","Y","89","2024-01-01","2029-12-31"
"4059","1003","Y","Y","89","2024-01-01","2029-12-31"
"4059","1008","Y","Y","89","2024-01-01","2029-12-31"
"4059","1011","Y","Y","89","2024-01-01","2029-12-31"
"4059","1018","Y","Y","89","2024-01-01","2029-12-31"
"4059","1021","Y","Y","89","2024-01-01","2029-12-31"
"4059","1033","Y","Y","89","2024-01-01","2029-12-31"
"4060","1001","Y","Y","20","2024-01-01","2029-12-31"
"4060","1002","Y","Y","20","2024-01-01","2029-12-31"
"4060","1003","Y","Y","20","2024-01-01","2029-12-31"
"4060","1008","Y","Y","20","2024-01-01","2029-12-31"
"4060","1011","Y","Y","20","2024-01-01","2029-12-31"
"4060","1018","Y","Y","20","2024-01-01","2029-12-31"
"4060","1021","Y","Y","20","2024-01-01","2029-12-31"
"4060","1033","Y","Y","20","2024-01-01","2029-12-31"
"4061","1001","Y","Y","21","2024-01-01","2029-12-31"
"4061","1002","Y","Y","21","2024-01-01","2029-12-31"
"4061","1003","Y","Y","21","2024-01-01","2029-12-31"
"4061","1008","Y","Y","21","2024-01-01","2029-12-31"
"4061","1011","Y","Y","21","2024-01-01","2029-12-31"
"4061","1018","Y","Y","21","2024-01-01","2029-12-31"
"4061","1021","Y","Y","21","2024-01-01","2029-12-31"
"4061","1033","Y","Y","21","2024-01-01","2029-12-31"
"4062","1001","Y","Y","22","2024-01-01","2029-12-31"
"4062","1002","Y","Y","22","2024-01-01","2029-12-31"
"4062","1003","Y","Y","22","2024-01-01","2029-12-31"
"4062","1008","Y","Y","22","2024-01-01","2029-12-31"
"4062","1011","Y","Y","22","2024-01-01","2029-12-31"
"4062","1018","Y","Y","22","2024-01-01","2029-12-31"
"4062","1021","Y","Y","22","2024-01-01","2029-12-31"
"4062","1033","Y","Y","22","2024-01-01","2029-12-31"
"4063","1001","Y","Y","23","2024-01-01","2029-12-31"
"4063","1002","Y","Y","23","2024-01-01","2029-12-31"
"4063","1003","Y","Y","23","2024-01-01","2029-12-31"
"4063","1008","N","N","0","2024-01-01","2029-12-31"
"4063","1011","Y","Y","23","2024-01-01","2029-12-31"
"4063","1018","Y","Y","23","2024-01-01","2029-12-31"
"4063","1021","N","N","0","2024-01-01","2029-12-31"
"4063","1033","Y","Y","23","2024-01-01","2029-12-31"
"4064","1001","Y","Y","24","2024-01-01","2029-12-31"
"4064","1002","Y","Y","24","2024-01-01","2029-12-31"
"4064","1003","Y","Y","24","2024-01-01","2029-12-31"
"4064","1008","Y","Y","24","2024-01-01","2029-12-31"
"4064","1011","Y","Y","24","2024-01-01","2029-12-31"
"4064","1018","Y","Y","24","2024-01-01","2029-12-31"
"4064","1021","Y","Y","24","2024-01-01","2029-12-31"
"4064","1033","Y","Y","24","2024-01-01","2029-12-31"
"4065","1001","Y","Y","25","2024-01-01","2029-12-31"
"4065","1002","Y","Y","25","2024-01-01","2029-12-31"
"4065","1003","Y","Y","25","2024-01-01","2029-12-31"
"4065","1008","Y","Y","25","2024-01-01","2029-12-31"
"4065","1011","Y","Y","25","2024-01-01","2029-12-31"
"4065","1018","Y","Y","25","2024-01-01","2029-12-31"
"4065","1021","Y","Y","25","2024-01-01","2029-12-31"
"4065","1033","Y","Y","25","2024-01-01","2029-12-31"
"4066","1001","Y","Y","26","2024-01-01","2029-12-31"
"4066","1002","Y","Y","26","2024-01-01","2029-12-31"
"4066","1003","Y","Y","26","2024-01-01","2029-12-31"
"4066","1008","Y","Y","26","2024-01-01","2029-12-31"
"4066","1011","Y","Y","26","2024-01-01","2029-12-31"
"4066","1018","Y","Y","26","2024-01-01","2029-12-31"
"4066","1021","Y","Y","26","2024-01-01","2029-12-31"
"4066","1033","Y","Y","26","2024-01-01","2029-12-31"
"4067","1001","Y","Y","27","2024-01-01","2029-12-31"
"4067","1002","Y","Y","27","2024-01-01","2029-12-31"
"4067","1003","Y","Y","27","2024-01-01","2029-12-31"
"4067","1008","Y","Y","27","2024-01-01","2029-12-31"
"4067","1011","Y","Y","27","2024-01-01","2029-12-31"
"4067","1018","Y","Y","27","2024-01-01","2029-12-31"
"4067","1021","Y","Y","27","2024-01-01","2029-12-31"
"4067","1033","Y","Y","27","2024-01-01","2029-12-31"
"4068","1001","Y","Y","28","2024-01-01","2029-12-31"
"4068","1002","Y","Y","28","2024-01-01","2029-12-31"
"4068","1003","Y","Y","28","2024-01-01","2029-12-31"
"4068","1008","Y","Y","28","2024-01-01","2029-12-31"
"4068","1011","Y","Y","28","2024-01-01","2029-12-31"
"4068","1018","Y","Y","28","2024-01-01","2029-12-31"
"4068","1021","Y","Y","28","2024-01-01","2029-12-31"
"4068","1033","Y","Y","28","2024-01-01","2029-12-31"
"4069","1001","Y","Y","29","2024-01-01","2029-12-31"
"4069","1002","Y","Y","29","2024-01-01","2029-12-31"
"4069","1003","Y","Y","29","2024-01-01","2029-12-31"
"4069","1008","Y","Y","29","2024-01-01","2029-12-31"
"4069","1011","Y","Y","29","2024-01-01","2029-12-31"
"4069","1018","Y","N","0","2024-01-01","2029-12-31"
"4069","1021","Y","Y","29","2024-01-01","2029-12-31"
"4069","1033","Y","N","0","2024-01-01","2029-12-31"
"4070","1001","Y","Y","30","2024-01-01","2029-12-31"
"4070","1002","Y","Y","30","2024-01-01","2029-12-31"
"4070","1003","Y","Y","30","2024-01-01","2029-12-31"
"4070","1008","Y","Y","30","2024-01-01","2029-12-31"
"4070","1011","Y","Y","30","2024-01-01","2029-12-31"
"4070","1018","Y","Y","30","2024-01-01","2029-12-31"
"4070","1021","Y","Y","30","2024-01-01","2029-12-31"
"4070","1033","Y","Y","30","2024-01-01","2029-12-31"
"4071","1001","Y","Y","31","2024-01-01","2029-12-31"
"4071","1002","Y","Y","31","2024-01-01","2029-12-31"
"4071","1003","Y","Y","31","2024-01-01","2029-12-31"
"4071","1008","Y","Y","31","2024-01-01","2029-12-31"
"4071","1011","Y","Y","31","2024-01-01","2029-12-31"
"4071","1018","Y","Y","31","2024-01-01","2029-12-31"
"4071","1021","Y","Y","31","2024-01-01","2029-12-31"
"4071","1033","Y","Y","31","2024-01-01","2029-12-31"
"4072","1001","Y","Y","32","2024-01-01","2029-12-31"
"4072","1002","Y","Y","32","2024-01-01","2029-12-31"
"4072","1003","Y","Y","32","2024-01-01","2029-12-31"
"4072","1008","Y","Y","32","2024-01-01","2029-12-31"
"4072","1011","Y","Y","32","2024-01-01","2029-12-31"
"4072","1018","Y","Y","32","2024-01-01","2029-12-31"
"4072","1021","Y","Y","32","2024-01-01","2029-12-31"
"4072","1033","Y","Y","32","2024-01-01","2029-12-31"
"4073","1001","Y","Y","33","2024-01-01","2029-12-31"
"4073","1002","Y","Y","33","2024-01-01","2029-12-31"
"4073","1003","Y","Y","33","2024-01-01","2029-12-31"
"4073","1008","Y","Y","33","2024-01-01","2029-12-31"
"4073","1011","Y","Y","33","2024-01-01","2029-12-31"
"4073","1018","Y","Y","33","2024-01-01","2029-12-31"
"4073","1021","Y","Y","33","2024-01-01","2029-12-31"
"4073","1033","Y","Y","33","2024-01-01","2029-12-31"
"4074","1001","Y","Y","34","2024-01-01","2029-12-31"
"4074","1002","Y","Y","34","2024-01-01","2029-12-31"
"4074","1003","Y","Y","34","2024-01-01","2029-12-31"
"4074","1008","Y","Y","34","2024-01-01","2029-12-31"
"4074","1011","Y","Y","34","2024-01-01","2029-12-31"
"4074","1018","Y","Y","34","2024-01-01","2029-12-31"
"4074","1021","Y","Y","34","2024-01-01","2029-12-31"
"4074","1033","Y","Y","34","2024-01-01","2029-12-31"
"4075","1001","Y","Y","35","2024-01-01","2029-12-31"
"4075","1002","Y","Y","35","2024-01-01","2029-12-31"
"4075","1003","Y","Y","35","2024-01-01","2029-12-31"
"4075","1008","Y","Y","35","2024-01-01","2029-12-31"
"4075","1011","Y","Y","35","2024-01-01","2029-12-31"
"4075","1018","Y","Y","35","2024-01-01","2029-12-31"
"4075","1021","Y","Y","35","2024-01-01","2029-12-31"
"4075","1033","Y","Y","35","2024-01-01","2029-12-31"
"4076","1001","Y","Y","36","2024-01-01","2029-12-31"
"4076","1002","Y","Y","36","2024-01-01","2029-12-31"
"4076","1003","Y","Y","36","2024-01-01","2029-12-31"
"4076","1008","Y","Y","36","2024-01-01","2029-12-31"
"4076","1011","Y","Y","36","2024-01-01","2029-12-31"
"4076","1018","Y","Y","36","2024-01-01","2029-12-31"
"4076","1021","Y","Y","36","2024-01-01","2029-12-31"
"4076","1033","Y","Y","36","2024-01-01","2029-12-31"
"4077","1001","Y","Y","37","2024-01-01","2029-12-31"
"4077","1002","Y","Y","37","2024-01-01","2029-12-31"
"4077","1003","Y","Y","37","2024-01-01","2029-12-31"
"4077","1008","Y","Y","37","2024-01-01","2029-12-31"
"4077","1011","Y","Y","37","2024-01-01","2029-12-31"
"4077","1018","Y","Y","37","2024-01-01","2029-12-31"
"4077","1021","Y","Y","37","2024-01-01","2029-12-31"
"4077","1033","Y","Y","37","2024-01-01","2029-12-31"
"4078","1001","Y","Y","38","2024-01-01","2029-12-31"
"4078","1002","Y","Y","38","2024-01-01","2029-12-31"
"4078","1003","Y","Y","38","2024-01-01","2029-12-31"
"4078","1008","Y","Y","38","2024-01-01","2029-12-31"
"4078","1011","Y","Y","38","2024-01-01","2029-12-31"
"4078","1018","Y","Y","38","2024-01-01","2029-12-31"
"4078","1021","Y","Y","38","2024-01-01","2029-12-31"
"4078","1033","Y","Y","38","2024-01-01","2029-12-31"
"4079","1001","Y","Y","39","2024-01-01","2029-12-31"
"4079","1002","Y","Y","39","2024-01-01","2029-12-31"
"4079","1003","Y","Y","39","2024-01-01","2029-12-31"
"4079","1008","Y","Y","39","2024-01-01","2029-12-31"
"4079","1011","Y","Y","39","2024-01-01","2029-12-31"
"4079","1018","Y","Y","39","2024-01-01","2029-12-31"
"4079","1021","Y","Y","39","2024-01-01","2029-12-31"
"4079","1033","Y","Y","39","2024-01-01","2029-12-31"
"4080","1001","Y","Y","40","2024-01-01","2029-12-31"
"4080","1002","Y","Y","40","2024-01-01","2029-12-31"
"4080","1003","Y","Y","40","2024-01-01","2029-12-31"
"4080","1008","N","N","0","2024-01-01","2029-12-31"
"4080","1011","Y","Y","40","2024-01-01","2029-12-31"
"4080","1018","Y","Y","40","2024-01-01","2029-12-31"
"4080","1021","N","N","0","2024-01-01","2029-12-31"
"4080","1033","Y","Y","40","2024-01-01","2029-12-31"
"4081","1001","Y","Y","41","2024-01-01","2029-12-31"
"4081","1002","Y","Y","41","2024-01-01","2029-12-31"
"4081","1003","Y","Y","41","2024-01-01","2029-12-31"
"4081","1008","Y","Y","41","2024-01-01","2029-12-31"
"4081","1011","Y","Y","41","2024-01-01","2029-12-31"
"4081","1018","Y","Y","41","2024-01-01","2029-12-31"
"4081","1021","Y","Y","41","2024-01-01","2029-12-31"
"4081","1033","Y","Y","41","2024-01-01","2029-12-31"
"4082","1001","Y","Y","42","2024-01-01","2029-12-31"
"4082","1002","Y","Y","42","2024-01-01","2029-12-31"
"4082","1003","Y","Y","42","2024-01-01","2029-12-31"
"4082","1008","Y","Y","42","2024-01-01","2029-12-31"
"4082","1011","Y","Y","42","2024-01-01","2029-12-31"
"4082","1018","Y","N","0","2024-01-01","2029-12-31"
"4082","1021","Y","Y","42","2024-01-01","2029-12-31"
"4082","1033","Y","N","0","2024-01-01","2029-12-31"
"4083","1001","Y","Y","43","2024-01-01","2029-12-31"
"4083","1002","Y","Y","43","2024-01-01","2029-12-31"
"4083","1003","Y","Y","43","2024-01-01","2029-12-31"
"4083","1008","Y","Y","43","2024-01-01","2029-12-31"
"4083","1011","Y","Y","43","2024-01-01","2029-12-31"
"4083","1018","Y","Y","43","2024-01-01","2029-12-31"
"4083","1021","Y","Y","43","2024-01-01","2029-12-31"
"4083","1033","Y","Y","43","2024-01-01","2029-12-31"
"4084","1001","Y","Y","44","2024-01-01","2029-12-31"
"4084","1002","Y","Y","44","2024-01-01","2029-12-31"
"4084","1003","Y","Y","44","2024-01-01","2029-12-31"
"4084","1008","Y","Y","44","2024-01-01","2029-12-31"
"4084","1011","Y","Y","44","2024-01-01","2029-12-31"
"4084","1018","Y","Y","44","2024-01-01","2029-12-31"
"4084","1021","Y","Y","44","2024-01-01","2029-12-31"
"4084","1033","Y","Y","44","2024-01-01","2029-12-31"
"4085","1001","Y","Y","45","2024-01-01","2029-12-31"
"4085","1002","Y","Y","45","2024-01-01","2029-12-31"
"4085","1003","Y","Y","45","2024-01-01","2029-12-31"
"4085","1008","Y","Y","45","2024-01-01","2029-12-31"
"4085","1011","Y","Y","45","2024-01-01","2029-12-31"
"4085","1018","Y","Y","45","2024-01-01","2029-12-31"
"4085","1021","Y","Y","45","2024-01-01","2029-12-31"
"4085","1033","Y","Y","45","2024-01-01","2029-12-31"
"4086","1001","Y","Y","46","2024-01-01","2029-12-31"
"4086","1002","Y","Y","46","2024-01-01","2029-12-31"
"4086","1003","Y","Y","46","2024-01-01","2029-12-31"
"4086","1008","Y","Y","46","2024-01-01","2029-12-31"
"4086","1011","Y","Y","46","2024-01-01","2029-12-31"
"4086","1018","Y","Y","46","2024-01-01","2029-12-31"
"4086","1021","Y","Y","46","2024-01-01","2029-12-31"
"4086","1033","Y","Y","46","2024-01-01","2029-12-31"
"4087","1001","Y","Y","47","2024-01-01","2029-12-31"
"4087","1002","Y","Y","47","2024-01-01","2029-12-31"
"4087","1003","Y","Y","47","2024-01-01","2029-12-31"
"4087","1008","Y","Y","47","2024-01-01","2029-12-31"
"4087","1011","Y","Y","47","2024-01-01","2029-12-31"
"4087","1018","Y","Y","47","2024-01-01","2029-12-31"
"4087","1021","Y","Y","47","2024-01-01","2029-12-31"
"4087","1033","Y","Y","47","2024-01-01","2029-12-31"
"4088","1001","Y","Y","48","2024-01-01","2029-12-31"
"4088","1002","Y","Y","48","2024-01-01","2029-12-31"
"4088","1003","Y","Y","48","2024-01-01","2029-12-31"
"4088","1008","Y","Y","48","2024-01-01","2029-12-31"
"4088","1011","Y","Y","48","2024-01-01","2029-12-31"
"4088","1018","Y","Y","48","2024-01-01","2029-12-31"
"4088","1021","Y","Y","48","2024-01-01","2029-12-31"
"4088","1033","Y","Y","48","2024-01-01","2029-12-31"
"4089","1001","Y","Y","49","2024-01-01","2029-12-31"
"4089","1002","Y","Y","49","2024-01-01","2029-12-31"
"4089","1003","Y","Y","49","2024-01-01","2029-12-31"
"4089","1008","Y","Y","49","2024-01-01","2029-12-31"
"4089","1011","Y","Y","49","2024-01-01","2029-12-31"
"4089","1018","Y","Y","49","2024-01-01","2029-12-31"
"4089","1021","Y","Y","49","2024-01-01","2029-12-31"
"4089","1033","Y","Y","49","2024-01-01","2029-12-31"
"4090","1001","Y","Y","50","2024-01-01","2029-12-31"
"4090","1002","Y","Y","50","2024-01-01","2029-12-31"
"4090","1003","Y","Y","50","2024-01-01","2029-12-31"
"4090","1008","Y","Y","50","2024-01-01","2029-12-31"
"4090","1011","Y","Y","50","2024-01-01","2029-12-31"
"4090","1018","Y","Y","50","2024-01-01","2029-12-31"
"4090","1021","Y","Y","50","2024-01-01","2029-12-31"
"4090","1033","Y","Y","50","2024-01-01","2029-12-31"
"4091","1001","Y","Y","51","2024-01-01","2029-12-31"
"4091","1002","Y","Y","51","2024-01-01","2029-12-31"
"4091","1003","Y","Y","51","2024-01-01","2029-12-31"
"4091","1008","Y","Y","51","2024-01-01","2029-12-31"
"4091","1011","Y","Y","51","2024-01-01","2029-12-31"
"4091","1018","Y","Y","51","2024-01-01","2029-12-31"
"4091","1021","Y","Y","51","2024-01-01","2029-12-31"
"4091","1033","Y","Y","51","2024-01-01","2029-12-31"
"4092","1001","Y","Y","52","2024-01-01","2029-12-31"
"4092","1002","Y","Y","52","2024-01-01","2029-12-31"
"4092","1003","Y","Y","52","2024-01-01","2029-12-31"
"4092","1008","Y","Y","52","2024-01-01","2029-12-31"
"4092","1011","Y","Y","52","2024-01-01","2029-12-31"
"4092","1018","Y","Y","52","2024-01-01","2029-12-31"
"4092","1021","Y","Y","52","2024-01-01","2029-12-31"
"4092","1033","Y","Y","52","2024-01-01","2029-12-31"
"4093","1001","Y","Y","53","2024-01-01","2029-12-31"
"4093","1002","Y","Y","53","2024-01-01","2029-12-31"
"4093","1003","Y","Y","53","2024-01-01","2029-12-31"
"4093","1008","Y","Y","53","2024-01-01","2029-12-31"
"4093","1011","Y","Y","53","2024-01-01","2029-12-31"
"4093","1018","Y","Y","53","2024-01-01","2029-12-31"
"4093","1021","Y","Y","53","2024-01-01","2029-12-31"
"4093","1033","Y","Y","53","2024-01-01","2029-12-31"
"4094","1001","Y","Y","54","2024-01-01","2029-12-31"
"4094","1002","Y","Y","54","2024-01-01","2029-12-31"
"4094","1003","Y","Y","54","2024-01-01","2029-12-31"
"4094","1008","Y","Y","54","2024-01-01","2029-12-31"
"4094","1011","Y","Y","54","2024-01-01","2029-12-31"
"4094","1018","Y","Y","54","2024-01-01","2029-12-31"
"4094","1021","Y","Y","54","2024-01-01","2029-12-31"
"4094","1033","Y","Y","54","2024-01-01","2029-12-31"
"4095","1001","Y","Y","55","2024-01-01","2029-12-31"
"4095","1002","Y","Y","55","2024-01-01","2029-12-31"
"4095","1003","Y","Y","55","2024-01-01","2029-12-31"
"4095","1008","Y","Y","55","2024-01-01","2029-12-31"
"4095","1011","Y","Y","55","2024-01-01","2029-12-31"
"4095","1018","Y","N","0","2024-01-01","2029-12-31"
"4095","1021","Y","Y","55","2024-01-01","2029-12-31"
"4095","1033","Y","N","0","2024-01-01","2029-12-31"
"4096","1001","Y","Y","56","2024-01-01","2029-12-31"
"4096","1002","Y","Y","56","2024-01-01","2029-12-31"
"4096","1003","Y","Y","56","2024-01-01","2029-12-31"
"4096","1008","Y","Y","56","2024-01-01","2029-12-31"
"4096","1011","Y","Y","56","2024-01-01","2029-12-31"
"4096","1018","Y","Y","56","2024-01-01","2029-12-31"
"4096","1021","Y","Y","56","2024-01-01","2029-12-31"
"4096","1033","Y","Y","56","2024-01-01","2029-12-31"
"4097","1001","Y","Y","57","2024-01-01","2029-12-31"
"4097","1002","Y","Y","57","2024-01-01","2029-12-31"
"4097","1003","Y","Y","57","2024-01-01","2029-12-31"
"4097","1008","N","N","0","2024-01-01","2029-12-31"
"4097","1011","Y","Y","57","2024-01-01","2029-12-31"
"4097","1018","Y","Y","57","2024-01-01","2029-12-31"
"4097","1021","N","N","0","2024-01-01","2029-12-31"
"4097","1033","Y","Y","57","2024-01-01","2029-12-31"
"4098","1001","Y","Y","58","2024-01-01","2029-12-31"
"4098","1002","Y","Y","58","2024-01-01","2029-12-31"
"4098","1003","Y","Y","58","2024-01-01","2029-12-31"
"4098","1008","Y","Y","58","2024-01-01","2029-12-31"
"4098","1011","Y","Y","58","2024-01-01","2029-12-31"
"4098","1018","Y","Y","58","2024-01-01","2029-12-31"
"4098","1021","Y","Y","58","2024-01-01","2029-12-31"
"4098","1033","Y","Y","58","2024-01-01","2029-12-31"
"4099","1001","Y","Y","59","2024-01-01","2029-12-31"
"4099","1002","Y","Y","59","2024-01-01","2029-12-31"
"4099","1003","Y","Y","59","2024-01-01","2029-12-31"
"4099","1008","Y","Y","59","2024-01-01","2029-12-31"
"4099","1011","Y","Y","59","2024-01-01","2029-12-31"
"4099","1018","Y","Y","59","2024-01-01","2029-12-31"
"4099","1021","Y","Y","59","2024-01-01","2029-12-31"
"4099","1033","Y","Y","59","2024-01-01","2029-12-31"
"4100","1001","Y","Y","60","2024-01-01","2029-12-31"
"4100","1002","Y","Y","60","2024-01-01","2029-12-31"
"4100","1003","Y","Y","60","2024-01-01","2029-12-31"
"4100","1008","Y","Y","60","2024-01-01","2029-12-31"
"4100","1011","Y","Y","60","2024-01-01","2029-12-31"
"4100","1018","Y","Y","60","2024-01-01","2029-12-31"
"4100","1021","Y","Y","60","2024-01-01","2029-12-31"
"4100","1033","Y","Y","60","2024-01-01","2029-12-31"
"4101","1001","Y","Y","61","2024-01-01","2029-12-31"
"4101","1002","Y","Y","61","2024-01-01","2029-12-31"
"4101","1003","Y","Y","61","2024-01-01","2029-12-31"
"4101","1008","Y","Y","61","2024-01-01","2029-12-31"
"4101","1011","Y","Y","61","2024-01-01","2029-12-31"
"4101","1018","Y","Y","61","2024-01-01","2029-12-31"
"4101","1021","Y","Y","61","2024-01-01","2029-12-31"
"4101","1033","Y","Y","61","2024-01-01","2029-12-31"
"4102","1001","Y","Y","62","2024-01-01","2029-12-31"
"4102","1002","Y","Y","62","2024-01-01","2029-12-31"
"4102","1003","Y","Y","62","2024-01-01","2029-12-31"
"4102","1008","Y","Y","62","2024-01-01","2029-12-31"
"4102","1011","Y","Y","62","2024-01-01","2029-12-31"
"4102","1018","Y","Y","62","2024-01-01","2029-12-31"
"4102","1021","Y","Y","62","2024-01-01","2029-12-31"
"4102","1033","Y","Y","62","2024-01-01","2029-12-31"
"4103","1001","Y","Y","63","2024-01-01","2029-12-31"
"4103","1002","Y","Y","63","2024-01-01","2029-12-31"
"4103","1003","Y","Y","63","2024-01-01","2029-12-31"
"4103","1008","Y","Y","63","2024-01-01","2029-12-31"
"4103","1011","Y","Y","63","2024-01-01","2029-12-31"
"4103","1018","Y","Y","63","2024-01-01","2029-12-31"
"4103","1021","Y","Y","63","2024-01-01","2029-12-31"
"4103","1033","Y","Y","63","2024-01-01","2029-12-31"
"4104","1001","Y","Y","64","2024-01-01","2029-12-31"
"4104","1002","Y","Y","64","2024-01-01","2029-12-31"
"4104","1003","Y","Y","64","2024-01-01","2029-12-31"
"4104","1008","Y","Y","64","2024-01-01","2029-12-31"
"4104","1011","Y","Y","64","2024-01-01","2029-12-31"
"4104","1018","Y","Y","64","2024-01-01","2029-12-31"
"4104","1021","Y","Y","64","2024-01-01","2029-12-31"
"4104","1033","Y","Y","64","2024-01-01","2029-12-31"
"4105","1001","Y","Y","65","2024-01-01","2029-12-31"
"4105","1002","Y","Y","65","2024-01-01","2029-12-31"
"4105","1003","Y","Y","65","2024-01-01","2029-12-31"
"4105","1008","Y","Y","65","2024-01-01","2029-12-31"
"4105","1011","Y","Y","65","2024-01-01","2029-12-31"
"4105","1018","Y","Y","65","2024-01-01","2029-12-31"
"4105","1021","Y","Y","65","2024-01-01","2029-12-31"
"4105","1033","Y","Y","65","2024-01-01","2029-12-31"
"4106","1001","Y","Y","66","2024-01-01","2029-12-31"
"4106","1002","Y","Y","66","2024-01-01","2029-12-31"
"4106","1003","Y","Y","66","2024-01-01","2029-12-31"
"4106","1008","Y","Y","66","2024-01-01","2029-12-31"
"4106","1011","Y","Y","66","2024-01-01","2029-12-31"
"4106","1018","Y","Y","66","2024-01-01","2029-12-31"
"4106","1021","Y","Y","66","2024-01-01","2029-12-31"
"4106","1033","Y","Y","66","2024-01-01","2029-12-31"
"4107","1001","Y","Y","67","2024-01-01","2029-12-31"
"4107","1002","Y","Y","67","2024-01-01","2029-12-31"
"4107","1003","Y","Y","67","2024-01-01","2029-12-31"
"4107","1008","Y","Y","67","2024-01-01","2029-12-31"
"4107","1011","Y","Y","67","2024-01-01","2029-12-31"
"4107","1018","Y","Y","67","2024-01-01","2029-12-31"
"4107","1021","Y","Y","67","2024-01-01","2029-12-31"
"4107","1033","Y","Y","67","2024-01-01","2029-12-31"
"4108","1001","Y","Y","68","2024-01-01","2029-12-31"
"4108","1002","Y","Y","68","2024-01-01","2029-12-31"
"4108","1003","Y","Y","68","2024-01-01","2029-12-31"
"4108","1008","Y","Y","68","2024-01-01","2029-12-31"
"4108","1011","Y","Y","68","2024-01-01","2029-12-31"
"4108","1018","Y","N","0","2024-01-01","2029-12-31"
"4108","1021","Y","Y","68","2024-01-01","2029-12-31"
"4108","1033","Y","N","0","2024-01-01","2029-12-31"
"4109","1001","Y","Y","69","2024-01-01","2029-12-31"
"4109","1002","Y","Y","69","2024-01-01","2029-12-31"
"4109","1003","Y","Y","69","2024-01-01","2029-12-31"
"4109","1008","Y","Y","69","2024-01-01","2029-12-31"
"4109","1011","Y","Y","69","2024-01-01","2029-12-31"
"4109","1018","Y","Y","69","2024-01-01","2029-12-31"
"4109","1021","Y","Y","69","2024-01-01","2029-12-31"
"4109","1033","Y","Y","69","2024-01-01","2029-12-31"
"4110","1001","Y","Y","70","2024-01-01","2029-12-31"
"4110","1002","Y","Y","70","2024-01-01","2029-12-31"
"4110","1003","Y","Y","70","2024-01-01","2029-12-31"
"4110","1008","Y","Y","70","2024-01-01","2029-12-31"
"4110","1011","Y","Y","70","2024-01-01","2029-12-31"
"4110","1018","Y","Y","70","2024-01-01","2029-12-31"
"4110","1021","Y","Y","70","2024-01-01","2029-12-31"
"4110","1033","Y","Y","70","2024-01-01","2029-12-31"
"4111","1001","Y","Y","71","2024-01-01","2029-12-31"
"4111","1002","Y","Y","71","2024-01-01","2029-12-31"
"4111","1003","Y","Y","71","2024-01-01","2029-12-31"
"4111","1008","Y","Y","71","2024-01-01","2029-12-31"
"4111","1011","Y","Y","71","2024-01-01","2029-12-31"
"4111","1018","Y","Y","71","2024-01-01","2029-12-31"
"4111","1021","Y","Y","71","2024-01-01","2029-12-31"
"4111","1033","Y","Y","71","2024-01-01","2029-12-31"
"4112","1001","Y","Y","72","2024-01-01","2029-12-31"
"4112","1002","Y","Y","72","2024-01-01","2029-12-31"
"4112","1003","Y","Y","72","2024-01-01","2029-12-31"
"4112","1008","Y","Y","72","2024-01-01","2029-12-31"
"4112","1011","Y","Y","72","2024-01-01","2029-12-31"
"4112","1018","Y","Y","72","2024-01-01","2029-12-31"
"4112","1021","Y","Y","72","2024-01-01","2029-12-31"
"4112","1033","Y","Y","72","2024-01-01","2029-12-31"
"4113","1001","Y","Y","73","2024-01-01","2029-12-31"
"4113","1002","Y","Y","73","2024-01-01","2029-12-31"
"4113","1003","Y","Y","73","2024-01-01","2029-12-31"
"4113","1008","Y","Y","73","2024-01-01","2029-12-31"
"4113","1011","Y","Y","73","2024-01-01","2029-12-31"
"4113","1018","Y","Y","73","2024-01-01","2029-12-31"
"4113","1021","Y","Y","73","2024-01-01","2029-12-31"
"4113","1033","Y","Y","73","2024-01-01","2029-12-31"
"4114","1001","Y","Y","74","2024-01-01","2029-12-31"
"4114","1002","Y","Y","74","2024-01-01","2029-12-31"
"4114","1003","Y","Y","74","2024-01-01","2029-12-31"
"4114","1008","N","N","0","2024-01-01","2029-12-31"
"4114","1011","Y","Y","74","2024-01-01","2029-12-31"
"4114","1018","Y","Y","74","2024-01-01","2029-12-31"
"4114","1021","N","N","0","2024-01-01","2029-12-31"
"4114","1033","Y","Y","74","2024-01-01","2029-12-31"
"4115","1001","Y","Y","75","2024-01-01","2029-12-31"
"4115","1002","Y","Y","75","2024-01-01","2029-12-31"
"4115","1003","Y","Y","75","2024-01-01","2029-12-31"
"4115","1008","Y","Y","75","2024-01-01","2029-12-31"
"4115","1011","Y","Y","75","2024-01-01","2029-12-31"
"4115","1018","Y","Y","75","2024-01-01","2029-12-31"
"4115","1021","Y","Y","75","2024-01-01","2029-12-31"
"4115","1033","Y","Y","75","2024-01-01","2029-12-31"
"4116","1001","Y","Y","76","2024-01-01","2029-12-31"
"4116","1002","Y","Y","76","2024-01-01","2029-12-31"
"4116","1003","Y","Y","76","2024-01-01","2029-12-31"
"4116","1008","Y","Y","76","2024-01-01","2029-12-31"
"4116","1011","Y","Y","76","2024-01-01","2029-12-31"
"4116","1018","Y","Y","76","2024-01-01","2029-12-31"
"4116","1021","Y","Y","76","2024-01-01","2029-12-31"
"4116","1033","Y","Y","76","2024-01-01","2029-12-31"
"4117","1001","Y","Y","77","2024-01-01","2029-12-31"
"4117","1002","Y","Y","77","2024-01-01","2029-12-31"
"4117","1003","Y","Y","77","2024-01-01","2029-12-31"
"4117","1008","Y","Y","77","2024-01-01","2029-12-31"
"4117","1011","Y","Y","77","2024-01-01","2029-12-31"
"4117","1018","Y","Y","77","2024-01-01","2029-12-31"
"4117","1021","Y","Y","77","2024-01-01","2029-12-31"
"4117","1033","Y","Y","77","2024-01-01","2029-12-31"
"4118","1001","Y","Y","78","2024-01-01","2029-12-31"
"4118","1002","Y","Y","78","2024-01-01","2029-12-31"
"4118","1003","Y","Y","78","2024-01-01","2029-12-31"
"4118","1008","Y","Y","78","2024-01-01","2029-12-31"
"4118","1011","Y","Y","78","2024-01-01","2029-12-31"
"4118","1018","Y","Y","78","2024-01-01","2029-12-31"
"4118","1021","Y","Y","78","2024-01-01","2029-12-31"
"4118","1033","Y","Y","78","2024-01-01","2029-12-31"
"4119","1001","Y","Y","79","2024-01-01","2029-12-31"
"4119","1002","Y","Y","79","2024-01-01","2029-12-31"
"4119","1003","Y","Y","79","2024-01-01","2029-12-31"
"4119","1008","Y","Y","79","2024-01-01","2029-12-31"
"4119","1011","Y","Y","79","2024-01-01","2029-12-31"
"4119","1018","Y","Y","79","2024-01-01","2029-12-31"
"4119","1021","Y","Y","79","2024-01-01","2029-12-31"
"4119","1033","Y","Y","79","2024-01-01","2029-12-31"
"4120","1001","Y","Y","80","2024-01-01","2029-12-31"
"4120","1002","Y","Y","80","2024-01-01","2029-12-31"
"4120","1003","Y","Y","80","2024-01-01","2029-12-31"
"4120","1008","Y","Y","80","2024-01-01","2029-12-31"
"4120","1011","Y","Y","80","2024-01-01","2029-12-31"
"4120","1018","Y","Y","80","2024-01-01","2029-12-31"
"4120","1021","Y","Y","80","2024-01-01","2029-12-31"
"4120","1033","Y","Y","80","2024-01-01","2029-12-31"
"4121","1001","Y","Y","81","2024-01-01","2029-12-31"
"4121","1002","Y","Y","81","2024-01-01","2029-12-31"
"4121","1003","Y","Y","81","2024-01-01","2029-12-31"
"4121","1008","Y","Y","81","2024-01-01","2029-12-31"
"4121","1011","Y","Y","81","2024-01-01","2029-12-31"
"4121","1018","Y","N","0","2024-01-01","2029-12-31"
"4121","1021","Y","Y","81","2024-01-01","2029-12-31"
"4121","1033","Y","N","0","2024-01-01","2029-12-31"
"4122","1001","Y","Y","82","2024-01-01","2029-12-31"
"4122","1002","Y","Y","82","2024-01-01","2029-12-31"
"4122","1003","Y","Y","82","2024-01-01","2029-12-31"
"4122","1008","Y","Y","82","2024-01-01","2029-12-31"
"4122","1011","Y","Y","82","2024-01-01","2029-12-31"
"4122","1018","Y","Y","82","2024-01-01","2029-12-31"
"4122","1021","Y","Y","82","2024-01-01","2029-12-31"
"4122","1033","Y","Y","82","2024-01-01","2029-12-31"
"4123","1001","Y","Y","83","2024-01-01","2029-12-31"
"4123","1002","Y","Y","83","2024-01-01","2029-12-31"
"4123","1003","Y","Y","83","2024-01-01","2029-12-31"
"4123","1008","Y","Y","83","2024-01-01","2029-12-31"
"4123","1011","Y","Y","83","2024-01-01","2029-12-31"
"4123","1018","Y","Y","83","2024-01-01","2029-12-31"
"4123","1021","Y","Y","83","2024-01-01","2029-12-31"
"4123","1033","Y","Y","83","2024-01-01","2029-12-31"
"4124","1001","Y","Y","84","2024-01-01","2029-12-31"
"4124","1002","Y","Y","84","2024-01-01","2029-12-31"
"4124","1003","Y","Y","84","2024-01-01","2029-12-31"
"4124","1008","Y","Y","84","2024-01-01","2029-12-31"
"4124","1011","Y","Y","84","2024-01-01","2029-12-31"
"4124","1018","Y","Y","84","2024-01-01","2029-12-31"
"4124","1021","Y","Y","84","2024-01-01","2029-12-31"
"4124","1033","Y","Y","84","2024-01-01","2029-12-31"
"4125","1001","Y","Y","85","2024-01-01","2029-12-31"
"4125","1002","Y","Y","85","2024-01-01","2029-12-31"
"4125","1003","Y","Y","85","2024-01-01","2029-12-31"
"4125","1008","Y","Y","85","2024-01-01","2029-12-31"
"4125","1011","Y","Y","85","2024-01-01","2029-12-31"
"4125","1018","Y","Y","85","2024-01-01","2029-12-31"
"4125","1021","Y","Y","85","2024-01-01","2029-12-31"
"4125","1033","Y","Y","85","2024-01-01","2029-12-31"
"4126","1001","Y","Y","86","2024-01-01","2029-12-31"
"4126","1002","Y","Y","86","2024-01-01","2029-12-31"
"4126","1003","Y","Y","86","2024-01-01","2029-12-31"
"4126","1008","Y","Y","86","2024-01-01","2029-12-31"
"4126","1011","Y","Y","86","2024-01-01","2029-12-31"
"4126","1018","Y","Y","86","2024-01-01","2029-12-31"
"4126","1021","Y","Y","86","2024-01-01","2029-12-31"
"4126","1033","Y","Y","86","2024-01-01","2029-12-31"
"4127","1001","Y","Y","87","2024-01-01","2029-12-31"
"4127","1002","Y","Y","87","2024-01-01","2029-12-31"
"4127","1003","Y","Y","87","2024-01-01","2029-12-31"
"4127","1008","Y","Y","87","2024-01-01","2029-12-31"
"4127","1011","Y","Y","87","2024-01-01","2029-12-31"
"4127","1018","Y","Y","87","2024-01-01","2029-12-31"
"4127","1021","Y","Y","87","2024-01-01","2029-12-31"
"4127","1033","Y","Y","87","2024-01-01","2029-12-31"
"4128","1001","Y","Y","88","2024-01-01","2029-12-31"
"4128","1002","Y","Y","88","2024-01-01","2029-12-31"
"4128","1003","Y","Y","88","2024-01-01","2029-12-31"
"4128","1008","Y","Y","88","2024-01-01","2029-12-31"
"4128","1011","Y","Y","88","2024-01-01","2029-12-31"
"4128","1018","Y","Y","88","2024-01-01","2029-12-31"
"4128","1021","Y","Y","88","2024-01-01","2029-12-31"
"4128","1033","Y","Y","88","2024-01-01","2029-12-31"
"4129","1001","Y","Y","89","2024-01-01","2029-12-31"
"4129","1002","Y","Y","89","2024-01-01","2029-12-31"
"4129","1003","Y","Y","89","2024-01-01","2029-12-31"
"4129","1008","Y","Y","89","2024-01-01","2029-12-31"
"4129","1011","Y","Y","89","2024-01-01","2029-12-31"
"4129","1018","Y","Y","89","2024-01-01","2029-12-31"
"4129","1021","Y","Y","89","2024-01-01","2029-12-31"
"4129","1033","Y","Y","89","2024-01-01","2029-12-31"
"4130","1001","Y","Y","20","2024-01-01","2029-12-31"
"4130","1002","Y","Y","20","2024-01-01","2029-12-31"
"4130","1003","Y","Y","20","2024-01-01","2029-12-31"
"4130","1008","Y","Y","20","2024-01-01","2029-12-31"
"4130","1011","Y","Y","20","2024-01-01","2029-12-31"
"4130","1018","Y","Y","20","2024-01-01","2029-12-31"
"4130","1021","Y","Y","20","2024-01-01","2029-12-31"
"4130","1033","Y","Y","20","2024-01-01","2029-12-31"
"4131","1001","Y","Y","21","2024-01-01","2029-12-31"
"4131","1002","Y","Y","21","2024-01-01","2029-12-31"
"4131","1003","Y","Y","21","2024-01-01","2029-12-31"
"4131","1008","N","N","0","2024-01-01","2029-12-31"
"4131","1011","Y","Y","21","2024-01-01","2029-12-31"
"4131","1018","Y","Y","21","2024-01-01","2029-12-31"
"4131","1021","N","N","0","2024-01-01","2029-12-31"
"4131","1033","Y","Y","21","2024-01-01","2029-12-31"
"4132","1001","Y","Y","22","2024-01-01","2029-12-31"
"4132","1002","Y","Y","22","2024-01-01","2029-12-31"
"4132","1003","Y","Y","22","2024-01-01","2029-12-31"
"4132","1008","Y","Y","22","2024-01-01","2029-12-31"
"4132","1011","Y","Y","22","2024-01-01","2029-12-31"
"4132","1018","Y","Y","22","2024-01-01","2029-12-31"
"4132","1021","Y","Y","22","2024-01-01","2029-12-31"
"4132","1033","Y","Y","22","2024-01-01","2029-12-31"
"4133","1001","Y","Y","23","2024-01-01","2029-12-31"
"4133","1002","Y","Y","23","2024-01-01","2029-12-31"
"4133","1003","Y","Y","23","2024-01-01","2029-12-31"
"4133","1008","Y","Y","23","2024-01-01","2029-12-31"
"4133","1011","Y","Y","23","2024-01-01","2029-12-31"
"4133","1018","Y","Y","23","2024-01-01","2029-12-31"
"4133","1021","Y","Y","23","2024-01-01","2029-12-31"
"4133","1033","Y","Y","23","2024-01-01","2029-12-31"
"4134","1001","Y","Y","24","2024-01-01","2029-12-31"
"4134","1002","Y","Y","24","2024-01-01","2029-12-31"
"4134","1003","Y","Y","24","2024-01-01","2029-12-31"
"4134","1008","Y","Y","24","2024-01-01","2029-12-31"
"4134","1011","Y","Y","24","2024-01-01","2029-12-31"
"4134","1018","Y","N","0","2024-01-01","2029-12-31"
"4134","1021","Y","Y","24","2024-01-01","2029-12-31"
"4134","1033","Y","N","0","2024-01-01","2029-12-31"
"4135","1001","Y","Y","25","2024-01-01","2029-12-31"
"4135","1002","Y","Y","25","2024-01-01","2029-12-31"
"4135","1003","Y","Y","25","2024-01-01","2029-12-31"
"4135","1008","Y","Y","25","2024-01-01","2029-12-31"
"4135","1011","Y","Y","25","2024-01-01","2029-12-31"
"4135","1018","Y","Y","25","2024-01-01","2029-12-31"
"4135","1021","Y","Y","25","2024-01-01","2029-12-31"
"4135","1033","Y","Y","25","2024-01-01","2029-12-31"
"4136","1001","Y","Y","26","2024-01-01","2029-12-31"
"4136","1002","Y","Y","26","2024-01-01","2029-12-31"
"4136","1003","Y","Y","26","2024-01-01","2029-12-31"
"4136","1008","Y","Y","26","2024-01-01","2029-12-31"
"4136","1011","Y","Y","26","2024-01-01","2029-12-31"
"4136","1018","Y","Y","26","2024-01-01","2029-12-31"
"4136","1021","Y","Y","26","2024-01-01","2029-12-31"
"4136","1033","Y","Y","26","2024-01-01","2029-12-31"
"4137","1001","Y","Y","27","2024-01-01","2029-12-31"
"4137","1002","Y","Y","27","2024-01-01","2029-12-31"
"4137","1003","Y","Y","27","2024-01-01","2029-12-31"
"4137","1008","Y","Y","27","2024-01-01","2029-12-31"
"4137","1011","Y","Y","27","2024-01-01","2029-12-31"
"4137","1018","Y","Y","27","2024-01-01","2029-12-31"
"4137","1021","Y","Y","27","2024-01-01","2029-12-31"
"4137","1033","Y","Y","27","2024-01-01","2029-12-31"
"4138","1001","Y","Y","28","2024-01-01","2029-12-31"
"4138","1002","Y","Y","28","2024-01-01","2029-12-31"
"4138","1003","Y","Y","28","2024-01-01","2029-12-31"
"4138","1008","Y","Y","28","2024-01-01","2029-12-31"
"4138","1011","Y","Y","28","2024-01-01","2029-12-31"
"4138","1018","Y","Y","28","2024-01-01","2029-12-31"
"4138","1021","Y","Y","28","2024-01-01","2029-12-31"
"4138","1033","Y","Y","28","2024-01-01","2029-12-31"
"4139","1001","Y","Y","29","2024-01-01","2029-12-31"
"4139","1002","Y","Y","29","2024-01-01","2029-12-31"
"4139","1003","Y","Y","29","2024-01-01","2029-12-31"
"4139","1008","Y","Y","29","2024-01-01","2029-12-31"
"4139","1011","Y","Y","29","2024-01-01","2029-12-31"
"4139","1018","Y","Y","29","2024-01-01","2029-12-31"
"4139","1021","Y","Y","29","2024-01-01","2029-12-31"
"4139","1033","Y","Y","29","2024-01-01","2029-12-31"
"4140","1001","Y","Y","30","2024-01-01","2029-12-31"
"4140","1002","Y","Y","30","2024-01-01","2029-12-31"
"4140","1003","Y","Y","30","2024-01-01","2029-12-31"
"4140","1008","Y","Y","30","2024-01-01","2029-12-31"
"4140","1011","Y","Y","30","2024-01-01","2029-12-31"
"4140","1018","Y","Y","30","2024-01-01","2029-12-31"
"4140","1021","Y","Y","30","2024-01-01","2029-12-31"
"4140","1033","Y","Y","30","2024-01-01","2029-12-31"
"4141","1001","Y","Y","31","2024-01-01","2029-12-31"
"4141","1002","Y","Y","31","2024-01-01","2029-12-31"
"4141","1003","Y","Y","31","2024-01-01","2029-12-31"
"4141","1008","Y","Y","31","2024-01-01","2029-12-31"
"4141","1011","Y","Y","31","2024-01-01","2029-12-31"
"4141","1018","Y","Y","31","2024-01-01","2029-12-31"
"4141","1021","Y","Y","31","2024-01-01","2029-12-31"
"4141","1033","Y","Y","31","2024-01-01","2029-12-31"
"4142","1001","Y","Y","32","2024-01-01","2029-12-31"
"4142","1002","Y","Y","32","2024-01-01","2029-12-31"
"4142","1003","Y","Y","32","2024-01-01","2029-12-31"
"4142","1008","Y","Y","32","2024-01-01","2029-12-31"
"4142","1011","Y","Y","32","2024-01-01","2029-12-31"
"4142","1018","Y","Y","32","2024-01-01","2029-12-31"
"4142","1021","Y","Y","32","2024-01-01","2029-12-31"
"4142","1033","Y","Y","32","2024-01-01","2029-12-31"
"4143","1001","Y","Y","33","2024-01-01","2029-12-31"
"4143","1002","Y","Y","33","2024-01-01","2029-12-31"
"4143","1003","Y","Y","33","2024-01-01","2029-12-31"
"4143","1008","Y","Y","33","2024-01-01","2029-12-31"
"4143","1011","Y","Y","33","2024-01-01","2029-12-31"
"4143","1018","Y","Y","33","2024-01-01","2029-12-31"
"4143","1021","Y","Y","33","2024-01-01","2029-12-31"
"4143","1033","Y","Y","33","2024-01-01","2029-12-31"
"4144","1001","Y","Y","34","2024-01-01","2029-12-31"
"4144","1002","Y","Y","34","2024-01-01","2029-12-31"
"4144","1003","Y","Y","34","2024-01-01","2029-12-31"
"4144","1008","Y","Y","34","2024-01-01","2029-12-31"
"4144","1011","Y","Y","34","2024-01-01","2029-12-31"
"4144","1018","Y","Y","34","2024-01-01","2029-12-31"
"4144","1021","Y","Y","34","2024-01-01","2029-12-31"
"4144","1033","Y","Y","34","2024-01-01","2029-12-31"
"4145","1001","Y","Y","35","2024-01-01","2029-12-31"
"4145","1002","Y","Y","35","2024-01-01","2029-12-31"
"4145","1003","Y","Y","35","2024-01-01","2029-12-31"
"4145","1008","Y","Y","35","2024-01-01","2029-12-31"
"4145","1011","Y","Y","35","2024-01-01","2029-12-31"
"4145","1018","Y","Y","35","2024-01-01","2029-12-31"
"4145","1021","Y","Y","35","2024-01-01","2029-12-31"
"4145","1033","Y","Y","35","2024-01-01","2029-12-31"
"4146","1001","Y","Y","36","2024-01-01","2029-12-31"
"4146","1002","Y","Y","36","2024-01-01","2029-12-31"
"4146","1003","Y","Y","36","2024-01-01","2029-12-31"
"4146","1008","Y","Y","36","2024-01-01","2029-12-31"
"4146","1011","Y","Y","36","2024-01-01","2029-12-31"
"4146","1018","Y","Y","36","2024-01-01","2029-12-31"
"4146","1021","Y","Y","36","2024-01-01","2029-12-31"
"4146","1033","Y","Y","36","2024-01-01","2029-12-31"
"4147","1001","Y","Y","37","2024-01-01","2029-12-31"
"4147","1002","Y","Y","37","2024-01-01","2029-12-31"
"4147","1003","Y","Y","37","2024-01-01","2029-12-31"
"4147","1008","Y","Y","37","2024-01-01","2029-12-31"
"4147","1011","Y","Y","37","2024-01-01","2029-12-31"
"4147","1018","Y","N","0","2024-01-01","2029-12-31"
"4147","1021","Y","Y","37","2024-01-01","2029-12-31"
"4147","1033","Y","N","0","2024-01-01","2029-12-31"
"4148","1001","Y","Y","38","2024-01-01","2029-12-31"
"4148","1002","Y","Y","38","2024-01-01","2029-12-31"
"4148","1003","Y","Y","38","2024-01-01","2029-12-31"
"4148","1008","N","N","0","2024-01-01","2029-12-31"
"4148","1011","Y","Y","38","2024-01-01","2029-12-31"
"4148","1018","Y","Y","38","2024-01-01","2029-12-31"
"4148","1021","N","N","0","2024-01-01","2029-12-31"
"4148","1033","Y","Y","38","2024-01-01","2029-12-31"
"4149","1001","Y","Y","39","2024-01-01","2029-12-31"
"4149","1002","Y","Y","39","2024-01-01","2029-12-31"
"4149","1003","Y","Y","39","2024-01-01","2029-12-31"
"4149","1008","Y","Y","39","2024-01-01","2029-12-31"
"4149","1011","Y","Y","39","2024-01-01","2029-12-31"
"4149","1018","Y","Y","39","2024-01-01","2029-12-31"
"4149","1021","Y","Y","39","2024-01-01","2029-12-31"
"4149","1033","Y","Y","39","2024-01-01","2029-12-31"
"4150","1001","Y","Y","40","2024-01-01","2029-12-31"
"4150","1002","Y","Y","40","2024-01-01","2029-12-31"
"4150","1003","Y","Y","40","2024-01-01","2029-12-31"
"4150","1008","Y","Y","40","2024-01-01","2029-12-31"
"4150","1011","Y","Y","40","2024-01-01","2029-12-31"
"4150","1018","Y","Y","40","2024-01-01","2029-12-31"
"4150","1021","Y","Y","40","2024-01-01","2029-12-31"
"4150","1033","Y","Y","40","2024-01-01","2029-12-31"
"4151","1001","Y","Y","41","2024-01-01","2029-12-31"
"4151","1002","Y","Y","41","2024-01-01","2029-12-31"
"4151","1003","Y","Y","41","2024-01-01","2029-12-31"
"4151","1008","Y","Y","41","2024-01-01","2029-12-31"
"4151","1011","Y","Y","41","2024-01-01","2029-12-31"
"4151","1018","Y","Y","41","2024-01-01","2029-12-31"
"4151","1021","Y","Y","41","2024-01-01","2029-12-31"
"4151","1033","Y","Y","41","2024-01-01","2029-12-31"
"4152","1001","Y","Y","42","2024-01-01","2029-12-31"
"4152","1002","Y","Y","42","2024-01-01","2029-12-31"
"4152","1003","Y","Y","42","2024-01-01","2029-12-31"
"4152","1008","Y","Y","42","2024-01-01","2029-12-31"
"4152","1011","Y","Y","42","2024-01-01","2029-12-31"
"4152","1018","Y","Y","42","2024-01-01","2029-12-31"
"4152","1021","Y","Y","42","2024-01-01","2029-12-31"
"4152","1033","Y","Y","42","2024-01-01","2029-12-31"
"4153","1001","Y","Y","43","2024-01-01","2029-12-31"
"4153","1002","Y","Y","43","2024-01-01","2029-12-31"
"4153","1003","Y","Y","43","2024-01-01","2029-12-31"
"4153","1008","Y","Y","43","2024-01-01","2029-12-31"
"4153","1011","Y","Y","43","2024-01-01","2029-12-31"
"4153","1018","Y","Y","43","2024-01-01","2029-12-31"
"4153","1021","Y","Y","43","2024-01-01","2029-12-31"
"4153","1033","Y","Y","43","2024-01-01","2029-12-31"
"4154","1001","Y","Y","44","2024-01-01","2029-12-31"
"4154","1002","Y","Y","44","2024-01-01","2029-12-31"
"4154","1003","Y","Y","44","2024-01-01","2029-12-31"
"4154","1008","Y","Y","44","2024-01-01","2029-12-31"
"4154","1011","Y","Y","44","2024-01-01","2029-12-31"
"4154","1018","Y","Y","44","2024-01-01","2029-12-31"
"4154","1021","Y","Y","44","2024-01-01","2029-12-31"
"4154","1033","Y","Y","44","2024-01-01","2029-12-31"
"4155","1001","Y","Y","45","2024-01-01","2029-12-31"
"4155","1002","Y","Y","45","2024-01-01","2029-12-31"
"4155","1003","Y","Y","45","2024-01-01","2029-12-31"
"4155","1008","Y","Y","45","2024-01-01","2029-12-31"
"4155","1011","Y","Y","45","2024-01-01","2029-12-31"
"4155","1018","Y","Y","45","2024-01-01","2029-12-31"
"4155","1021","Y","Y","45","2024-01-01","2029-12-31"
"4155","1033","Y","Y","45","2024-01-01","2029-12-31"
"4156","1001","Y","Y","46","2024-01-01","2029-12-31"
"4156","1002","Y","Y","46","2024-01-01","2029-12-31"
"4156","1003","Y","Y","46","2024-01-01","2029-12-31"
"4156","1008","Y","Y","46","2024-01-01","2029-12-31"
"4156","1011","Y","Y","46","2024-01-01","2029-12-31"
"4156","1018","Y","Y","46","2024-01-01","2029-12-31"
"4156","1021","Y","Y","46","2024-01-01","2029-12-31"
"4156","1033","Y","Y","46","2024-01-01","2029-12-31"
"4157","1001","Y","Y","47","2024-01-01","2029-12-31"
"4157","1002","Y","Y","47","2024-01-01","2029-12-31"
"4157","1003","Y","Y","47","2024-01-01","2029-12-31"
"4157","1008","Y","Y","47","2024-01-01","2029-12-31"
"4157","1011","Y","Y","47","2024-01-01","2029-12-31"
"4157","1018","Y","Y","47","2024-01-01","2029-12-31"
"4157","1021","Y","Y","47","2024-01-01","2029-12-31"
"4157","1033","Y","Y","47","2024-01-01","2029-12-31"
"4158","1001","Y","Y","48","2024-01-01","2029-12-31"
"4158","1002","Y","Y","48","2024-01-01","2029-12-31"
"4158","1003","Y","Y","48","2024-01-01","2029-12-31"
"4158","1008","Y","Y","48","2024-01-01","2029-12-31"
"4158","1011","Y","Y","48","2024-01-01","2029-12-31"
"4158","1018","Y","Y","48","2024-01-01","2029-12-31"
"4158","1021","Y","Y","48","2024-01-01","2029-12-31"
"4158","1033","Y","Y","48","2024-01-01","2029-12-31"
"4159","1001","Y","Y","49","2024-01-01","2029-12-31"
"4159","1002","Y","Y","49","2024-01-01","2029-12-31"
"4159","1003","Y","Y","49","2024-01-01","2029-12-31"
"4159","1008","Y","Y","49","2024-01-01","2029-12-31"
"4159","1011","Y","Y","49","2024-01-01","2029-12-31"
"4159","1018","Y","Y","49","2024-01-01","2029-12-31"
"4159","1021","Y","Y","49","2024-01-01","2029-12-31"
"4159","1033","Y","Y","49","2024-01-01","2029-12-31"
"4160","1001","Y","Y","50","2024-01-01","2029-12-31"
"4160","1002","Y","Y","50","2024-01-01","2029-12-31"
"4160","1003","Y","Y","50","2024-01-01","2029-12-31"
"4160","1008","Y","Y","50","2024-01-01","2029-12-31"
"4160","1011","Y","Y","50","2024-01-01","2029-12-31"
"4160","1018","Y","N","0","2024-01-01","2029-12-31"
"4160","1021","Y","Y","50","2024-01-01","2029-12-31"
"4160","1033","Y","N","0","2024-01-01","2029-12-31"
"4161","1001","Y","Y","51","2024-01-01","2029-12-31"
"4161","1002","Y","Y","51","2024-01-01","2029-12-31"
"4161","1003","Y","Y","51","2024-01-01","2029-12-31"
"4161","1008","Y","Y","51","2024-01-01","2029-12-31"
"4161","1011","Y","Y","51","2024-01-01","2029-12-31"
"4161","1018","Y","Y","51","2024-01-01","2029-12-31"
"4161","1021","Y","Y","51","2024-01-01","2029-12-31"
"4161","1033","Y","Y","51","2024-01-01","2029-12-31"
"4162","1001","Y","Y","52","2024-01-01","2029-12-31"
"4162","1002","Y","Y","52","2024-01-01","2029-12-31"
"4162","1003","Y","Y","52","2024-01-01","2029-12-31"
"4162","1008","Y","Y","52","2024-01-01","2029-12-31"
"4162","1011","Y","Y","52","2024-01-01","2029-12-31"
"4162","1018","Y","Y","52","2024-01-01","2029-12-31"
"4162","1021","Y","Y","52","2024-01-01","2029-12-31"
"4162","1033","Y","Y","52","2024-01-01","2029-12-31"
"4163","1001","Y","Y","53","2024-01-01","2029-12-31"
"4163","1002","Y","Y","53","2024-01-01","2029-12-31"
"4163","1003","Y","Y","53","2024-01-01","2029-12-31"
"4163","1008","Y","Y","53","2024-01-01","2029-12-31"
"4163","1011","Y","Y","53","2024-01-01","2029-12-31"
"4163","1018","Y","Y","53","2024-01-01","2029-12-31"
"4163","1021","Y","Y","53","2024-01-01","2029-12-31"
"4163","1033","Y","Y","53","2024-01-01","2029-12-31"
"4164","1001","Y","Y","54","2024-01-01","2029-12-31"
"4164","1002","Y","Y","54","2024-01-01","2029-12-31"
"4164","1003","Y","Y","54","2024-01-01","2029-12-31"
"4164","1008","Y","Y","54","2024-01-01","2029-12-31"
"4164","1011","Y","Y","54","2024-01-01","2029-12-31"
"4164","1018","Y","Y","54","2024-01-01","2029-12-31"
"4164","1021","Y","Y","54","2024-01-01","2029-12-31"
"4164","1033","Y","Y","54","2024-01-01","2029-12-31"
"4165","1001","Y","Y","55","2024-01-01","2029-12-31"
"4165","1002","Y","Y","55","2024-01-01","2029-12-31"
"4165","1003","Y","Y","55","2024-01-01","2029-12-31"
"4165","1008","N","N","0","2024-01-01","2029-12-31"
"4165","1011","Y","Y","55","2024-01-01","2029-12-31"
"4165","1018","Y","Y","55","2024-01-01","2029-12-31"
"4165","1021","N","N","0","2024-01-01","2029-12-31"
"4165","1033","Y","Y","55","2024-01-01","2029-12-31"
"4166","1001","Y","Y","56","2024-01-01","2029-12-31"
"4166","1002","Y","Y","56","2024-01-01","2029-12-31"
"4166","1003","Y","Y","56","2024-01-01","2029-12-31"
"4166","1008","Y","Y","56","2024-01-01","2029-12-31"
"4166","1011","Y","Y","56","2024-01-01","2029-12-31"
"4166","1018","Y","Y","56","2024-01-01","2029-12-31"
"4166","1021","Y","Y","56","2024-01-01","2029-12-31"
"4166","1033","Y","Y","56","2024-01-01","2029-12-31"
"4167","1001","Y","Y","57","2024-01-01","2029-12-31"
"4167","1002","Y","Y","57","2024-01-01","2029-12-31"
"4167","1003","Y","Y","57","2024-01-01","2029-12-31"
"4167","1008","Y","Y","57","2024-01-01","2029-12-31"
"4167","1011","Y","Y","57","2024-01-01","2029-12-31"
"4167","1018","Y","Y","57","2024-01-01","2029-12-31"
"4167","1021","Y","Y","57","2024-01-01","2029-12-31"
"4167","1033","Y","Y","57","2024-01-01","2029-12-31"
"4168","1001","Y","Y","58","2024-01-01","2029-12-31"
"4168","1002","Y","Y","58","2024-01-01","2029-12-31"
"4168","1003","Y","Y","58","2024-01-01","2029-12-31"
"4168","1008","Y","Y","58","2024-01-01","2029-12-31"
"4168","1011","Y","Y","58","2024-01-01","2029-12-31"
"4168","1018","Y","Y","58","2024-01-01","2029-12-31"
"4168","1021","Y","Y","58","2024-01-01","2029-12-31"
"4168","1033","Y","Y","58","2024-01-01","2029-12-31"
"4169","1001","Y","Y","59","2024-01-01","2029-12-31"
"4169","1002","Y","Y","59","2024-01-01","2029-12-31"
"4169","1003","Y","Y","59","2024-01-01","2029-12-31"
"4169","1008","Y","Y","59","2024-01-01","2029-12-31"
"4169","1011","Y","Y","59","2024-01-01","2029-12-31"
"4169","1018","Y","Y","59","2024-01-01","2029-12-31"
"4169","1021","Y","Y","59","2024-01-01","2029-12-31"
"4169","1033","Y","Y","59","2024-01-01","2029-12-31"
"4170","1001","Y","Y","60","2024-01-01","2029-12-31"
"4170","1002","Y","Y","60","2024-01-01","2029-12-31"
"4170","1003","Y","Y","60","2024-01-01","2029-12-31"
"4170","1008","Y","Y","60","2024-01-01","2029-12-31"
"4170","1011","Y","Y","60","2024-01-01","2029-12-31"
"4170","1018","Y","Y","60","2024-01-01","2029-12-31"
"4170","1021","Y","Y","60","2024-01-01","2029-12-31"
"4170","1033","Y","Y","60","2024-01-01","2029-12-31"
"4171","1001","Y","Y","61","2024-01-01","2029-12-31"
"4171","1002","Y","Y","61","2024-01-01","2029-12-31"
"4171","1003","Y","Y","61","2024-01-01","2029-12-31"
"4171","1008","Y","Y","61","2024-01-01","2029-12-31"
"4171","1011","Y","Y","61","2024-01-01","2029-12-31"
"4171","1018","Y","Y","61","2024-01-01","2029-12-31"
"4171","1021","Y","Y","61","2024-01-01","2029-12-31"
"4171","1033","Y","Y","61","2024-01-01","2029-12-31"
"4172","1001","Y","Y","62","2024-01-01","2029-12-31"
"4172","1002","Y","Y","62","2024-01-01","2029-12-31"
"4172","1003","Y","Y","62","2024-01-01","2029-12-31"
"4172","1008","Y","Y","62","2024-01-01","2029-12-31"
"4172","1011","Y","Y","62","2024-01-01","2029-12-31"
"4172","1018","Y","Y","62","2024-01-01","2029-12-31"
"4172","1021","Y","Y","62","2024-01-01","2029-12-31"
"4172","1033","Y","Y","62","2024-01-01","2029-12-31"
"4173","1001","Y","Y","63","2024-01-01","2029-12-31"
"4173","1002","Y","Y","63","2024-01-01","2029-12-31"
"4173","1003","Y","Y","63","2024-01-01","2029-12-31"
"4173","1008","Y","Y","63","2024-01-01","2029-12-31"
"4173","1011","Y","Y","63","2024-01-01","2029-12-31"
"4173","1018","Y","N","0","2024-01-01","2029-12-31"
"4173","1021","Y","Y","63","2024-01-01","2029-12-31"
"4173","1033","Y","N","0","2024-01-01","2029-12-31"
"4174","1001","Y","Y","64","2024-01-01","2029-12-31"
"4174","1002","Y","Y","64","2024-01-01","2029-12-31"
"4174","1003","Y","Y","64","2024-01-01","2029-12-31"
"4174","1008","Y","Y","64","2024-01-01","2029-12-31"
"4174","1011","Y","Y","64","2024-01-01","2029-12-31"
"4174","1018","Y","Y","64","2024-01-01","2029-12-31"
"4174","1021","Y","Y","64","2024-01-01","2029-12-31"
"4174","1033","Y","Y","64","2024-01-01","2029-12-31"
"4175","1001","Y","Y","65","2024-01-01","2029-12-31"
"4175","1002","Y","Y","65","2024-01-01","2029-12-31"
"4175","1003","Y","Y","65","2024-01-01","2029-12-31"
"4175","1008","Y","Y","65","2024-01-01","2029-12-31"
"4175","1011","Y","Y","65","2024-01-01","2029-12-31"
"4175","1018","Y","Y","65","2024-01-01","2029-12-31"
"4175","1021","Y","Y","65","2024-01-01","2029-12-31"
"4175","1033","Y","Y","65","2024-01-01","2029-12-31"
"4176","1001","Y","Y","66","2024-01-01","2029-12-31"
"4176","1002","Y","Y","66","2024-01-01","2029-12-31"
"4176","1003","Y","Y","66","2024-01-01","2029-12-31"
"4176","1008","Y","Y","66","2024-01-01","2029-12-31"
"4176","1011","Y","Y","66","2024-01-01","2029-12-31"
"4176","1018","Y","Y","66","2024-01-01","2029-12-31"
"4176","1021","Y","Y","66","2024-01-01","2029-12-31"
"4176","1033","Y","Y","66","2024-01-01","2029-12-31"
"4177","1001","Y","Y","67","2024-01-01","2029-12-31"
"4177","1002","Y","Y","67","2024-01-01","2029-12-31"
"4177","1003","Y","Y","67","2024-01-01","2029-12-31"
"4177","1008","Y","Y","67","2024-01-01","2029-12-31"
"4177","1011","Y","Y","67","2024-01-01","2029-12-31"
"4177","1018","Y","Y","67","2024-01-01","2029-12-31"
"4177","1021","Y","Y","67","2024-01-01","2029-12-31"
"4177","1033","Y","Y","67","2024-01-01","2029-12-31"
"4178","1001","Y","Y","68","2024-01-01","2029-12-31"
"4178","1002","Y","Y","68","2024-01-01","2029-12-31"
"4178","1003","Y","Y","68","2024-01-01","2029-12-31"
"4178","1008","Y","Y","68","2024-01-01","2029-12-31"
"4178","1011","Y","Y","68","2024-01-01","2029-12-31"
"4178","1018","Y","Y","68","2024-01-01","2029-12-31"
"4178","1021","Y","Y","68","2024-01-01","2029-12-31"
"4178","1033","Y","Y","68","2024-01-01","2029-12-31"
"4179","1001","Y","Y","69","2024-01-01","2029-12-31"
"4179","1002","Y","Y","69","2024-01-01","2029-12-31"
"4179","1003","Y","Y","69","2024-01-01","2029-12-31"
"4179","1008","Y","Y","69","2024-01-01","2029-12-31"
"4179","1011","Y","Y","69","2024-01-01","2029-12-31"
"4179","1018","Y","Y","69","2024-01-01","2029-12-31"
"4179","1021","Y","Y","69","2024-01-01","2029-12-31"
"4179","1033","Y","Y","69","2024-01-01","2029-12-31"
"4180","1001","Y","Y","70","2024-01-01","2029-12-31"
"4180","1002","Y","Y","70","2024-01-01","2029-12-31"
"4180","1003","Y","Y","70","2024-01-01","2029-12-31"
"4180","1008","Y","Y","70","2024-01-01","2029-12-31"
"4180","1011","Y","Y","70","2024-01-01","2029-12-31"
"4180","1018","Y","Y","70","2024-01-01","2029-12-31"
"4180","1021","Y","Y","70","2024-01-01","2029-12-31"
"4180","1033","Y","Y","70","2024-01-01","2029-12-31"
"4181","1001","Y","Y","71","2024-01-01","2029-12-31"
"4181","1002","Y","Y","71","2024-01-01","2029-12-31"
"4181","1003","Y","Y","71","2024-01-01","2029-12-31"
"4181","1008","Y","Y","71","2024-01-01","2029-12-31"
"4181","1011","Y","Y","71","2024-01-01","2029-12-31"
"4181","1018","Y","Y","71","2024-01-01","2029-12-31"
"4181","1021","Y","Y","71","2024-01-01","2029-12-31"
"4181","1033","Y","Y","71","2024-01-01","2029-12-31"
"4182","1001","Y","Y","72","2024-01-01","2029-12-31"
"4182","1002","Y","Y","72","2024-01-01","2029-12-31"
"4182","1003","Y","Y","72","2024-01-01","2029-12-31"
"4182","1008","N","N","0","2024-01-01","2029-12-31"
"4182","1011","Y","Y","72","2024-01-01","2029-12-31"
"4182","1018","Y","Y","72","2024-01-01","2029-12-31"
"4182","1021","N","N","0","2024-01-01","2029-12-31"
"4182","1033","Y","Y","72","2024-01-01","2029-12-31"
"4183","1001","Y","Y","73","2024-01-01","2029-12-31"
"4183","1002","Y","Y","73","2024-01-01","2029-12-31"
"4183","1003","Y","Y","73","2024-01-01","2029-12-31"
"4183","1008","Y","Y","73","2024-01-01","2029-12-31"
"4183","1011","Y","Y","73","2024-01-01","2029-12-31"
"4183","1018","Y","Y","73","2024-01-01","2029-12-31"
"4183","1021","Y","Y","73","2024-01-01","2029-12-31"
"4183","1033","Y","Y","73","2024-01-01","2029-12-31"
"4184","1001","Y","Y","74","2024-01-01","2029-12-31"
"4184","1002","Y","Y","74","2024-01-01","2029-12-31"
"4184","1003","Y","Y","74","2024-01-01","2029-12-31"
"4184","1008","Y","Y","74","2024-01-01","2029-12-31"
"4184","1011","Y","Y","74","2024-01-01","2029-12-31"
"4184","1018","Y","Y","74","2024-01-01","2029-12-31"
"4184","1021","Y","Y","74","2024-01-01","2029-12-31"
"4184","1033","Y","Y","74","2024-01-01","2029-12-31"
"4185","1001","Y","Y","75","2024-01-01","2029-12-31"
"4185","1002","Y","Y","75","2024-01-01","2029-12-31"
"4185","1003","Y","Y","75","2024-01-01","2029-12-31"
"4185","1008","Y","Y","75","2024-01-01","2029-12-31"
"4185","1011","Y","Y","75","2024-01-01","2029-12-31"
"4185","1018","Y","Y","75","2024-01-01","2029-12-31"
"4185","1021","Y","Y","75","2024-01-01","2029-12-31"
"4185","1033","Y","Y","75","2024-01-01","2029-12-31"
"4186","1001","Y","Y","76","2024-01-01","2029-12-31"
"4186","1002","Y","Y","76","2024-01-01","2029-12-31"
"4186","1003","Y","Y","76","2024-01-01","2029-12-31"
"4186","1008","Y","Y","76","2024-01-01","2029-12-31"
"4186","1011","Y","Y","76","2024-01-01","2029-12-31"
"4186","1018","Y","N","0","2024-01-01","2029-12-31"
"4186","1021","Y","Y","76","2024-01-01","2029-12-31"
"4186","1033","Y","N","0","2024-01-01","2029-12-31"
"4187","1001","Y","Y","77","2024-01-01","2029-12-31"
"4187","1002","Y","Y","77","2024-01-01","2029-12-31"
"4187","1003","Y","Y","77","2024-01-01","2029-12-31"
"4187","1008","Y","Y","77","2024-01-01","2029-12-31"
"4187","1011","Y","Y","77","2024-01-01","2029-12-31"
"4187","1018","Y","Y","77","2024-01-01","2029-12-31"
"4187","1021","Y","Y","77","2024-01-01","2029-12-31"
"4187","1033","Y","Y","77","2024-01-01","2029-12-31"
"4188","1001","Y","Y","78","2024-01-01","2029-12-31"
"4188","1002","Y","Y","78","2024-01-01","2029-12-31"
"4188","1003","Y","Y","78","2024-01-01","2029-12-31"
"4188","1008","Y","Y","78","2024-01-01","2029-12-31"
"4188","1011","Y","Y","78","2024-01-01","2029-12-31"
"4188","1018","Y","Y","78","2024-01-01","2029-12-31"
"4188","1021","Y","Y","78","2024-01-01","2029-12-31"
"4188","1033","Y","Y","78","2024-01-01","2029-12-31"
"4189","1001","Y","Y","79","2024-01-01","2029-12-31"
"4189","1002","Y","Y","79","2024-01-01","2029-12-31"
"4189","1003","Y","Y","79","2024-01-01","2029-12-31"
"4189","1008","Y","Y","79","2024-01-01","2029-12-31"
"4189","1011","Y","Y","79","2024-01-01","2029-12-31"
"4189","1018","Y","Y","79","2024-01-01","2029-12-31"
"4189","1021","Y","Y","79","2024-01-01","2029-12-31"
"4189","1033","Y","Y","79","2024-01-01","2029-12-31"
"4190","1001","Y","Y","80","2024-01-01","2029-12-31"
"4190","1002","Y","Y","80","2024-01-01","2029-12-31"
"4190","1003","Y","Y","80","2024-01-01","2029-12-31"
"4190","1008","Y","Y","80","2024-01-01","2029-12-31"
"4190","1011","Y","Y","80","2024-01-01","2029-12-31"
"4190","1018","Y","Y","80","2024-01-01","2029-12-31"
"4190","1021","Y","Y","80","2024-01-01","2029-12-31"
"4190","1033","Y","Y","80","2024-01-01","2029-12-31"
"4191","1001","Y","Y","81","2024-01-01","2029-12-31"
"4191","1002","Y","Y","81","2024-01-01","2029-12-31"
"4191","1003","Y","Y","81","2024-01-01","2029-12-31"
"4191","1008","Y","Y","81","2024-01-01","2029-12-31"
"4191","1011","Y","Y","81","2024-01-01","2029-12-31"
"4191","1018","Y","Y","81","2024-01-01","2029-12-31"
"4191","1021","Y","Y","81","2024-01-01","2029-12-31"
"4191","1033","Y","Y","81","2024-01-01","2029-12-31"
"4192","1001","Y","Y","82","2024-01-01","2029-12-31"
"4192","1002","Y","Y","82","2024-01-01","2029-12-31"
"4192","1003","Y","Y","82","2024-01-01","2029-12-31"
"4192","1008","Y","Y","82","2024-01-01","2029-12-31"
"4192","1011","Y","Y","82","2024-01-01","2029-12-31"
"4192","1018","Y","Y","82","2024-01-01","2029-12-31"
"4192","1021","Y","Y","82","2024-01-01","2029-12-31"
"4192","1033","Y","Y","82","2024-01-01","2029-12-31"
"4193","1001","Y","Y","83","2024-01-01","2029-12-31"
"4193","1002","Y","Y","83","2024-01-01","2029-12-31"
"4193","1003","Y","Y","83","2024-01-01","2029-12-31"
"4193","1008","Y","Y","83","2024-01-01","2029-12-31"
"4193","1011","Y","Y","83","2024-01-01","2029-12-31"
"4193","1018","Y","Y","83","2024-01-01","2029-12-31"
"4193","1021","Y","Y","83","2024-01-01","2029-12-31"
"4193","1033","Y","Y","83","2024-01-01","2029-12-31"
"4194","1001","Y","Y","84","2024-01-01","2029-12-31"
"4194","1002","Y","Y","84","2024-01-01","2029-12-31"
"4194","1003","Y","Y","84","2024-01-01","2029-12-31"
"4194","1008","Y","Y","84","2024-01-01","2029-12-31"
"4194","1011","Y","Y","84","2024-01-01","2029-12-31"
"4194","1018","Y","Y","84","2024-01-01","2029-12-31"
"4194","1021","Y","Y","84","2024-01-01","2029-12-31"
"4194","1033","Y","Y","84","2024-01-01","2029-12-31"
"4195","1001","Y","Y","85","2024-01-01","2029-12-31"
"4195","1002","Y","Y","85","2024-01-01","2029-12-31"
"4195","1003","Y","Y","85","2024-01-01","2029-12-31"
"4195","1008","Y","Y","85","2024-01-01","2029-12-31"
"4195","1011","Y","Y","85","2024-01-01","2029-12-31"
"4195","1018","Y","Y","85","2024-01-01","2029-12-31"
"4195","1021","Y","Y","85","2024-01-01","2029-12-31"
"4195","1033","Y","Y","85","2024-01-01","2029-12-31"
"4196","1001","Y","Y","86","2024-01-01","2029-12-31"
"4196","1002","Y","Y","86","2024-01-01","2029-12-31"
"4196","1003","Y","Y","86","2024-01-01","2029-12-31"
"4196","1008","Y","Y","86","2024-01-01","2029-12-31"
"4196","1011","Y","Y","86","2024-01-01","2029-12-31"
"4196","1018","Y","Y","86","2024-01-01","2029-12-31"
"4196","1021","Y","Y","86","2024-01-01","2029-12-31"
"4196","1033","Y","Y","86","2024-01-01","2029-12-31"
"4197","1001","Y","Y","87","2024-01-01","2029-12-31"
"4197","1002","Y","Y","87","2024-01-01","2029-12-31"
"4197","1003","Y","Y","87","2024-01-01","2029-12-31"
"4197","1008","Y","Y","87","2024-01-01","2029-12-31"
"4197","1011","Y","Y","87","2024-01-01","2029-12-31"
"4197","1018","Y","Y","87","2024-01-01","2029-12-31"
"4197","1021","Y","Y","87","2024-01-01","2029-12-31"
"4197","1033","Y","Y","87","2024-01-01","2029-12-31"
"4198","1001","Y","Y","88","2024-01-01","2029-12-31"
"4198","1002","Y","Y","88","2024-01-01","2029-12-31"
"4198","1003","Y","Y","88","2024-01-01","2029-12-31"
"4198","1008","Y","Y","88","2024-01-01","2029-12-31"
"4198","1011","Y","Y","88","2024-01-01","2029-12-31"
"4198","1018","Y","Y","88","2024-01-01","2029-12-31"
"4198","1021","Y","Y","88","2024-01-01","2029-12-31"
"4198","1033","Y","Y","88","2024-01-01","2029-12-31"
"4199","1001","Y","Y","89","2024-01-01","2029-12-31"
"4199","1002","Y","Y","89","2024-01-01","2029-12-31"
"4199","1003","Y","Y","89","2024-01-01","2029-12-31"
"4199","1008","N","N","0","2024-01-01","2029-12-31"
"4199","1011","Y","Y","89","2024-01-01","2029-12-31"
"4199","1018","Y","N","0","2024-01-01","2029-12-31"
"4199","1021","N","N","0","2024-01-01","2029-12-31"
"4199","1033","Y","N","0","2024-01-01","2029-12-31"
"4200","1001","Y","Y","20","2024-01-01","2029-12-31"
"4200","1002","Y","Y","20","2024-01-01","2029-12-31"
"4200","1003","Y","Y","20","2024-01-01","2029-12-31"
"4200","1008","Y","Y","20","2024-01-01","2029-12-31"
"4200","1011","Y","Y","20","2024-01-01","2029-12-31"
"4200","1018","Y","Y","20","2024-01-01","2029-12-31"
"4200","1021","Y","Y","20","2024-01-01","2029-12-31"
"4200","1033","Y","Y","20","2024-01-01","2029-12-31"
